Dataset,Filename,#rows,Coder,%,Error Threshold,Window Param,Size (B),CR (%),Delta - Size (data),Delta - Size (mask),Delta - Size (total),Delta - CR (%),Other columns - Size (data),Other columns - Size (mask),Other columns - Size (total),Other columns - CR (%)
NOAA-ADCP,noaa-adcp-201501.csv,744,CoderBasic,,,,651.770,100,12648,0,12648,100,5062176,53973,5116149,100
,,,CoderPCA,0,"[0, 'N', 'N', 'N', 'N', 'N', 'N', 0, 0, 0, 0, 0, 0, 0, 0, 0, 0, 0, 0, 0, 0, 0, 0, 0, 0, 0, 0, 0, 0, 0, 0, 0, 0, 0, 0, 0, 0, 0, 0, 0, 0, 0, 0, 0, 0, 0, 0, 0, 0, 0, 0, 0, 0, 0, 0, 0, 0, 0, 0, 0, 0, 0, 0, 0, 0, 0, 0, 0, 0, 0, 0, 0, 0, 0, 0, 0, 0, 0, 0, 0, 0, 0, 0, 0, 0, 0, 0, 0, 0, 0, 0, 0, 0, 0, 0, 0, 0, 0, 0, 0, 0, 0, 0, 0, 0, 0, 0, 0, 0, 0, 0, 0, 0, 0, 0, 0, 0, 0, 0, 0, 0, 0, 0, 0, 'N', 'N', 'N', 'N', 'N', 'N', 'N', 'N', 'N', 'N', 'N', 'N', 'N', 'N', 'N', 'N', 'N', 'N', 'N', 'N', 'N', 'N', 'N', 'N', 'N', 'N', 'N', 'N', 'N', 'N', 'N', 'N', 'N', 'N', 'N', 'N', 'N', 'N', 'N', 'N', 'N', 'N', 'N', 'N', 'N', 'N', 'N', 'N', 'N', 'N', 'N', 'N', 'N', 'N', 'N', 'N', 'N', 'N', 'N', 'N', 'N', 'N', 'N', 'N', 'N', 'N', 'N', 'N', 'N', 'N', 'N', 'N', 'N', 'N', 'N', 0, 0, 0, 0, 0, 0, 0, 0, 0, 0, 0, 0, 0, 0, 0, 0, 0, 0, 0, 0, 0, 0, 0, 0, 0, 0, 0, 0, 0, 0, 0, 0, 0, 0, 0, 0, 0, 0, 0, 0, 0, 0, 0, 0, 0, 0, 0, 0, 0, 0, 0, 0, 0, 0, 0, 0, 0, 0, 0, 0, 0, 0, 0, 0, 0, 0, 0, 0, 0, 0, 0, 0, 0, 0, 0, 0, 0, 0, 0, 0, 0, 0, 0, 0, 0, 0, 0, 0, 0, 0, 0, 0, 0, 0, 0, 0, 0, 0, 0, 0, 0, 0, 0, 0, 0, 0, 0, 0, 0, 0, 0, 0, 0, 0, 0, 0, 0, 0, 0, 0, 0, 0, 0, 0, 0, 0, 0, 0, 0, 0, 0, 0, 0, 0, 0, 0, 0, 0, 0, 0, 0, 0, 0, 0, 0, 0, 0, 0, 0, 0, 0, 0, 0, 'N', 'N', 'N', 'N', 'N', 'N', 'N', 'N', 'N', 'N', 'N', 'N', 'N', 'N', 'N', 'N', 'N', 'N', 'N', 'N', 'N', 'N', 'N', 'N', 'N', 'N', 'N', 'N', 'N', 'N', 'N', 'N', 'N', 'N', 'N', 'N', 0, 0, 0, 0, 0, 0, 0, 0, 0, 0, 0, 0, 0, 0, 0, 0, 0, 0, 0, 0, 0, 0, 0, 0, 0, 0, 0, 0, 0, 0, 0, 0, 0, 0, 0, 0, 0, 0, 0, 0, 0, 0, 0, 0, 0, 0, 0, 0, 0, 0, 0, 0, 0, 0, 0, 0, 0, 0, 0, 0, 0, 0, 0, 0, 0, 0, 0, 0, 0, 0, 0, 0, 0, 0, 0, 0, 0, 0, 0, 0, 0, 0, 0, 0, 0, 0, 0, 0, 0, 0, 0, 0, 0, 0, 0, 0, 0, 0, 0, 0, 0, 0, 0, 0, 0, 0, 0, 0, 0, 0, 0, 0, 0, 0, 0, 0, 0, 0, 0, 0, 0, 0, 0, 0, 0, 0, 0, 0, 0, 0, 0, 0, 0, 0, 0, 0, 0, 0, 0, 0, 0, 0, 0, 0, 0, 0, 0, 0, 0, 0, 0, 0, 0, 0, 0, 0, 0, 0, 0, 'N', 'N', 'N', 'N', 'N', 'N', 'N', 'N', 'N', 'N', 'N', 'N', 'N', 'N', 'N', 'N', 'N', 'N', 'N', 'N', 'N']",5,457.149,70.14,12648,0,12648,100.0,3505206,53973,3559179,69.57
,,,,,,10,453.576,69.59,12648,0,12648,100.0,3476625,53973,3530598,69.01
,,,,,,25,451.406,69.26,12648,0,12648,100.0,3459261,53973,3513234,68.67
,,,,,,50,450.682,69.15,12648,0,12648,100.0,3453474,53973,3507447,68.56
,,,,,,100,450.344,69.1,12648,0,12648,100.0,3450765,53973,3504738,68.5
,,,,,,200,450.152,69.07,12648,0,12648,100.0,3449229,53973,3503202,68.47
,,,,1,"[0, 'N', 'N', 'N', 'N', 'N', 'N', 2, 2, 0, 3, 2, 0, 3, 2, 0, 3, 2, 0, 3, 2, 0, 3, 2, 0, 2, 2, 0, 2, 2, 0, 2, 2, 0, 2, 2, 0, 2, 2, 0, 1, 2, 0, 1, 2, 0, 1, 2, 0, 1, 2, 0, 1, 2, 0, 1, 2, 0, 1, 2, 0, 1, 2, 0, 1, 2, 0, 1, 2, 0, 1, 2, 0, 2, 2, 0, 2, 1, 0, 2, 1, 0, 2, 1, 0, 2, 1, 0, 2, 1, 0, 2, 1, 0, 2, 1, 0, 1, 1, 0, 1, 1, 0, 1, 1, 0, 1, 1, 0, 1, 1, 0, 1, 1, 0, 1, 1, 0, 0, 1, 0, 0, 0, 0, 'N', 'N', 'N', 'N', 'N', 'N', 'N', 'N', 'N', 'N', 'N', 'N', 'N', 'N', 'N', 'N', 'N', 'N', 'N', 'N', 'N', 'N', 'N', 'N', 'N', 'N', 'N', 'N', 'N', 'N', 'N', 'N', 'N', 'N', 'N', 'N', 'N', 'N', 'N', 'N', 'N', 'N', 'N', 'N', 'N', 'N', 'N', 'N', 'N', 'N', 'N', 'N', 'N', 'N', 'N', 'N', 'N', 'N', 'N', 'N', 'N', 'N', 'N', 'N', 'N', 'N', 'N', 'N', 'N', 'N', 'N', 'N', 'N', 'N', 'N', 2, 2, 0, 2, 2, 0, 2, 2, 0, 2, 2, 0, 2, 2, 0, 2, 2, 0, 2, 1, 0, 2, 1, 0, 2, 1, 0, 2, 1, 0, 2, 1, 0, 1, 1, 0, 1, 1, 0, 1, 1, 0, 1, 1, 0, 1, 1, 0, 1, 1, 0, 1, 1, 0, 1, 1, 0, 1, 1, 0, 1, 1, 0, 1, 1, 0, 1, 1, 0, 1, 1, 0, 1, 1, 0, 1, 1, 0, 1, 1, 0, 1, 1, 0, 1, 1, 0, 1, 1, 0, 1, 1, 0, 1, 1, 0, 1, 1, 0, 1, 1, 0, 1, 1, 0, 1, 1, 0, 1, 1, 0, 1, 1, 0, 1, 1, 0, 1, 1, 0, 1, 0, 0, 1, 0, 0, 1, 0, 0, 0, 0, 0, 0, 0, 0, 0, 0, 0, 0, 1, 0, 0, 0, 0, 0, 1, 0, 0, 0, 0, 0, 0, 0, 'N', 'N', 'N', 'N', 'N', 'N', 'N', 'N', 'N', 'N', 'N', 'N', 'N', 'N', 'N', 'N', 'N', 'N', 'N', 'N', 'N', 'N', 'N', 'N', 'N', 'N', 'N', 'N', 'N', 'N', 'N', 'N', 'N', 'N', 'N', 'N', 2, 1, 0, 2, 1, 0, 3, 1, 0, 3, 1, 0, 3, 1, 0, 3, 1, 0, 2, 1, 0, 2, 1, 0, 2, 1, 0, 2, 1, 0, 2, 1, 0, 2, 2, 0, 2, 2, 0, 2, 2, 0, 3, 2, 0, 3, 2, 0, 3, 2, 0, 3, 2, 0, 2, 2, 0, 2, 2, 0, 2, 2, 0, 2, 2, 0, 2, 2, 0, 1, 2, 0, 1, 2, 0, 1, 2, 0, 1, 1, 0, 1, 1, 0, 1, 1, 0, 1, 1, 0, 1, 1, 0, 1, 1, 0, 1, 1, 0, 1, 1, 0, 1, 1, 0, 1, 1, 0, 1, 1, 0, 1, 1, 0, 1, 1, 0, 1, 1, 0, 1, 1, 0, 1, 1, 0, 1, 1, 0, 1, 1, 0, 1, 1, 0, 1, 1, 0, 1, 1, 0, 1, 1, 0, 1, 1, 0, 1, 1, 0, 1, 1, 0, 1, 0, 0, 0, 0, 0, 'N', 'N', 'N', 'N', 'N', 'N', 'N', 'N', 'N', 'N', 'N', 'N', 'N', 'N', 'N', 'N', 'N', 'N', 'N', 'N', 'N']",5,457.149,70.14,12648,0,12648,100.0,3505206,53973,3559179,69.57
,,,,,,10,453.576,69.59,12648,0,12648,100.0,3476625,53973,3530598,69.01
,,,,,,25,451.406,69.26,12648,0,12648,100.0,3459261,53973,3513234,68.67
,,,,,,50,450.682,69.15,12648,0,12648,100.0,3453474,53973,3507447,68.56
,,,,,,100,450.344,69.1,12648,0,12648,100.0,3450765,53973,3504738,68.5
,,,,,,200,450.152,69.07,12648,0,12648,100.0,3449229,53973,3503202,68.47
,,,,3,"[0, 'N', 'N', 'N', 'N', 'N', 'N', 7, 6, 0, 8, 5, 0, 9, 5, 0, 9, 5, 0, 9, 5, 0, 9, 5, 0, 7, 5, 0, 6, 5, 0, 5, 5, 0, 5, 5, 0, 5, 5, 0, 4, 5, 0, 4, 5, 1, 4, 5, 1, 3, 5, 1, 3, 5, 1, 3, 5, 1, 3, 5, 1, 3, 5, 1, 4, 5, 1, 4, 5, 1, 4, 5, 1, 5, 5, 1, 5, 4, 1, 5, 4, 1, 5, 4, 1, 5, 4, 1, 5, 4, 1, 5, 4, 1, 5, 4, 1, 4, 4, 1, 4, 4, 1, 3, 3, 1, 3, 3, 0, 3, 3, 0, 2, 3, 0, 2, 3, 1, 1, 2, 1, 0, 0, 0, 'N', 'N', 'N', 'N', 'N', 'N', 'N', 'N', 'N', 'N', 'N', 'N', 'N', 'N', 'N', 'N', 'N', 'N', 'N', 'N', 'N', 'N', 'N', 'N', 'N', 'N', 'N', 'N', 'N', 'N', 'N', 'N', 'N', 'N', 'N', 'N', 'N', 'N', 'N', 'N', 'N', 'N', 'N', 'N', 'N', 'N', 'N', 'N', 'N', 'N', 'N', 'N', 'N', 'N', 'N', 'N', 'N', 'N', 'N', 'N', 'N', 'N', 'N', 'N', 'N', 'N', 'N', 'N', 'N', 'N', 'N', 'N', 'N', 'N', 'N', 6, 6, 0, 6, 6, 0, 6, 6, 0, 6, 6, 0, 6, 5, 0, 6, 5, 0, 6, 4, 0, 6, 4, 0, 5, 4, 0, 5, 3, 0, 5, 3, 0, 4, 2, 0, 4, 2, 0, 3, 2, 0, 3, 2, 0, 3, 2, 0, 3, 2, 1, 3, 2, 1, 3, 2, 1, 3, 2, 1, 3, 2, 1, 3, 2, 1, 3, 2, 1, 2, 2, 1, 2, 2, 1, 2, 2, 1, 2, 2, 1, 2, 2, 1, 2, 2, 1, 2, 2, 1, 2, 2, 1, 2, 2, 1, 2, 2, 1, 2, 2, 1, 2, 2, 1, 2, 2, 1, 2, 2, 1, 2, 2, 1, 2, 2, 1, 2, 2, 1, 2, 1, 1, 2, 1, 1, 2, 1, 1, 1, 1, 1, 1, 1, 1, 1, 1, 1, 1, 2, 1, 1, 1, 1, 1, 2, 0, 0, 1, 0, 0, 0, 0, 'N', 'N', 'N', 'N', 'N', 'N', 'N', 'N', 'N', 'N', 'N', 'N', 'N', 'N', 'N', 'N', 'N', 'N', 'N', 'N', 'N', 'N', 'N', 'N', 'N', 'N', 'N', 'N', 'N', 'N', 'N', 'N', 'N', 'N', 'N', 'N', 7, 4, 0, 7, 4, 0, 8, 4, 0, 8, 4, 0, 8, 3, 0, 8, 3, 0, 7, 4, 0, 7, 4, 0, 7, 4, 0, 7, 4, 0, 7, 4, 0, 7, 5, 0, 7, 5, 0, 7, 5, 0, 8, 5, 0, 8, 5, 0, 8, 5, 0, 8, 5, 0, 7, 5, 0, 7, 5, 0, 6, 6, 0, 5, 6, 0, 5, 6, 0, 4, 6, 0, 4, 5, 0, 4, 5, 0, 3, 4, 0, 3, 4, 0, 3, 4, 0, 2, 4, 0, 2, 4, 1, 2, 4, 1, 2, 4, 1, 2, 4, 1, 3, 4, 1, 3, 3, 1, 3, 3, 1, 3, 3, 1, 3, 3, 1, 3, 3, 1, 3, 3, 1, 3, 3, 1, 3, 3, 1, 3, 2, 1, 3, 2, 1, 3, 2, 1, 3, 2, 1, 3, 2, 1, 3, 2, 1, 3, 2, 1, 3, 2, 0, 2, 1, 0, 0, 0, 0, 'N', 'N', 'N', 'N', 'N', 'N', 'N', 'N', 'N', 'N', 'N', 'N', 'N', 'N', 'N', 'N', 'N', 'N', 'N', 'N', 'N']",5,456.933,70.11,12648,0,12648,100.0,3503478,53973,3557451,69.53
,,,,,,10,453.576,69.59,12648,0,12648,100.0,3476625,53973,3530598,69.01
,,,,,,25,451.406,69.26,12648,0,12648,100.0,3459261,53973,3513234,68.67
,,,,,,50,450.682,69.15,12648,0,12648,100.0,3453474,53973,3507447,68.56
,,,,,,100,450.344,69.1,12648,0,12648,100.0,3450765,53973,3504738,68.5
,,,,,,200,450.152,69.07,12648,0,12648,100.0,3449229,53973,3503202,68.47
,,,,5,"[0, 'N', 'N', 'N', 'N', 'N', 'N', 12, 9, 0, 14, 8, 0, 15, 8, 0, 16, 8, 0, 15, 8, 0, 15, 9, 0, 12, 9, 0, 11, 9, 0, 9, 9, 1, 8, 9, 1, 8, 8, 1, 7, 8, 1, 7, 8, 1, 6, 8, 1, 6, 8, 1, 5, 8, 1, 5, 8, 1, 5, 8, 1, 6, 8, 1, 6, 8, 1, 7, 8, 1, 7, 8, 1, 8, 8, 1, 8, 7, 1, 8, 7, 1, 9, 7, 1, 9, 7, 1, 9, 7, 1, 8, 6, 1, 8, 6, 1, 7, 6, 1, 6, 6, 1, 5, 6, 1, 5, 5, 1, 4, 5, 1, 4, 5, 1, 4, 4, 1, 2, 3, 1, 0, 0, 0, 'N', 'N', 'N', 'N', 'N', 'N', 'N', 'N', 'N', 'N', 'N', 'N', 'N', 'N', 'N', 'N', 'N', 'N', 'N', 'N', 'N', 'N', 'N', 'N', 'N', 'N', 'N', 'N', 'N', 'N', 'N', 'N', 'N', 'N', 'N', 'N', 'N', 'N', 'N', 'N', 'N', 'N', 'N', 'N', 'N', 'N', 'N', 'N', 'N', 'N', 'N', 'N', 'N', 'N', 'N', 'N', 'N', 'N', 'N', 'N', 'N', 'N', 'N', 'N', 'N', 'N', 'N', 'N', 'N', 'N', 'N', 'N', 'N', 'N', 'N', 10, 10, 0, 10, 10, 0, 10, 10, 0, 10, 9, 0, 10, 9, 0, 10, 8, 0, 10, 7, 1, 10, 7, 1, 9, 6, 1, 8, 5, 1, 8, 5, 1, 7, 4, 1, 6, 4, 1, 5, 4, 1, 5, 4, 1, 5, 4, 1, 5, 4, 1, 5, 3, 1, 5, 3, 1, 4, 3, 1, 4, 3, 1, 4, 3, 1, 4, 3, 1, 4, 3, 1, 4, 3, 1, 4, 3, 1, 4, 3, 1, 4, 3, 1, 4, 3, 1, 4, 3, 1, 4, 3, 1, 4, 3, 1, 4, 3, 1, 4, 3, 1, 4, 3, 1, 4, 3, 1, 4, 3, 1, 4, 3, 1, 3, 3, 1, 3, 3, 1, 3, 2, 1, 3, 2, 1, 3, 2, 1, 2, 2, 1, 2, 2, 1, 2, 2, 1, 2, 3, 1, 2, 2, 1, 2, 3, 1, 1, 1, 0, 0, 1, 0, 'N', 'N', 'N', 'N', 'N', 'N', 'N', 'N', 'N', 'N', 'N', 'N', 'N', 'N', 'N', 'N', 'N', 'N', 'N', 'N', 'N', 'N', 'N', 'N', 'N', 'N', 'N', 'N', 'N', 'N', 'N', 'N', 'N', 'N', 'N', 'N', 11, 7, 1, 12, 6, 0, 13, 6, 0, 13, 6, 0, 13, 6, 0, 13, 6, 0, 12, 6, 0, 12, 6, 0, 11, 6, 0, 11, 7, 0, 11, 7, 0, 11, 8, 0, 12, 8, 0, 12, 8, 0, 13, 8, 0, 13, 8, 0, 13, 8, 0, 13, 8, 0, 12, 8, 0, 11, 9, 0, 10, 10, 0, 9, 10, 0, 8, 10, 0, 7, 10, 0, 6, 9, 0, 6, 8, 1, 5, 7, 1, 5, 7, 1, 4, 7, 1, 4, 7, 1, 4, 7, 1, 4, 7, 1, 4, 7, 1, 4, 6, 1, 4, 6, 1, 4, 6, 1, 5, 6, 1, 5, 5, 1, 5, 5, 1, 5, 5, 1, 5, 5, 1, 5, 4, 1, 5, 4, 1, 5, 4, 1, 6, 4, 1, 6, 4, 1, 6, 4, 1, 6, 3, 1, 6, 3, 1, 5, 3, 1, 4, 3, 1, 4, 2, 0, 0, 0, 0, 'N', 'N', 'N', 'N', 'N', 'N', 'N', 'N', 'N', 'N', 'N', 'N', 'N', 'N', 'N', 'N', 'N', 'N', 'N', 'N', 'N']",5,455.955,69.96,12648,0,12648,100.0,3495654,53973,3549627,69.38
,,,,,,10,453.576,69.59,12648,0,12648,100.0,3476625,53973,3530598,69.01
,,,,,,25,451.406,69.26,12648,0,12648,100.0,3459261,53973,3513234,68.67
,,,,,,50,450.682,69.15,12648,0,12648,100.0,3453474,53973,3507447,68.56
,,,,,,100,450.344,69.1,12648,0,12648,100.0,3450765,53973,3504738,68.5
,,,,,,200,450.152,69.07,12648,0,12648,100.0,3449229,53973,3503202,68.47
,,,,10,"[0, 'N', 'N', 'N', 'N', 'N', 'N', 24, 19, 0, 27, 17, 1, 30, 16, 1, 31, 16, 1, 31, 17, 1, 29, 18, 1, 25, 18, 1, 21, 18, 1, 18, 18, 1, 16, 17, 1, 15, 17, 1, 14, 17, 2, 13, 16, 2, 12, 16, 2, 11, 16, 2, 11, 15, 2, 10, 16, 2, 11, 16, 2, 11, 16, 2, 12, 16, 2, 13, 16, 2, 14, 16, 2, 15, 15, 2, 16, 15, 2, 16, 14, 2, 17, 14, 2, 17, 13, 2, 17, 13, 2, 16, 13, 2, 15, 13, 2, 14, 12, 2, 12, 12, 2, 11, 11, 2, 10, 11, 2, 9, 10, 2, 8, 10, 2, 8, 9, 2, 4, 6, 2, 0, 0, 0, 'N', 'N', 'N', 'N', 'N', 'N', 'N', 'N', 'N', 'N', 'N', 'N', 'N', 'N', 'N', 'N', 'N', 'N', 'N', 'N', 'N', 'N', 'N', 'N', 'N', 'N', 'N', 'N', 'N', 'N', 'N', 'N', 'N', 'N', 'N', 'N', 'N', 'N', 'N', 'N', 'N', 'N', 'N', 'N', 'N', 'N', 'N', 'N', 'N', 'N', 'N', 'N', 'N', 'N', 'N', 'N', 'N', 'N', 'N', 'N', 'N', 'N', 'N', 'N', 'N', 'N', 'N', 'N', 'N', 'N', 'N', 'N', 'N', 'N', 'N', 20, 20, 1, 20, 20, 1, 20, 20, 1, 20, 18, 1, 20, 17, 1, 20, 16, 1, 20, 15, 1, 19, 13, 1, 18, 12, 1, 17, 10, 1, 15, 9, 1, 14, 8, 1, 12, 8, 1, 11, 7, 2, 10, 7, 2, 10, 7, 2, 9, 7, 2, 9, 7, 2, 9, 6, 2, 9, 6, 2, 9, 6, 2, 9, 6, 2, 8, 6, 2, 8, 6, 2, 8, 6, 2, 8, 6, 2, 8, 5, 2, 8, 5, 2, 8, 6, 2, 8, 6, 2, 8, 6, 2, 8, 6, 2, 8, 5, 2, 8, 5, 2, 8, 5, 2, 8, 5, 2, 7, 5, 2, 7, 5, 2, 7, 5, 2, 6, 5, 2, 6, 5, 2, 5, 5, 2, 5, 5, 2, 5, 5, 2, 5, 5, 2, 4, 5, 2, 4, 5, 2, 4, 5, 2, 3, 6, 1, 1, 3, 0, 1, 1, 0, 'N', 'N', 'N', 'N', 'N', 'N', 'N', 'N', 'N', 'N', 'N', 'N', 'N', 'N', 'N', 'N', 'N', 'N', 'N', 'N', 'N', 'N', 'N', 'N', 'N', 'N', 'N', 'N', 'N', 'N', 'N', 'N', 'N', 'N', 'N', 'N', 22, 15, 1, 24, 13, 1, 27, 13, 1, 27, 12, 1, 26, 12, 1, 26, 12, 1, 25, 12, 1, 24, 12, 1, 23, 13, 1, 22, 13, 1, 22, 14, 1, 22, 15, 1, 24, 16, 1, 25, 16, 1, 26, 16, 1, 26, 16, 1, 26, 15, 1, 25, 16, 1, 24, 17, 1, 22, 18, 1, 20, 20, 1, 18, 21, 1, 15, 21, 1, 14, 20, 1, 12, 18, 1, 12, 16, 1, 11, 15, 1, 10, 14, 1, 8, 14, 1, 8, 14, 2, 7, 14, 2, 7, 13, 2, 8, 13, 2, 8, 13, 2, 8, 12, 2, 9, 12, 3, 9, 11, 3, 10, 11, 3, 10, 11, 3, 10, 10, 3, 10, 10, 3, 11, 9, 3, 11, 8, 3, 11, 8, 2, 11, 8, 2, 11, 8, 2, 12, 7, 2, 12, 7, 2, 11, 7, 2, 10, 6, 2, 8, 5, 2, 7, 3, 1, 0, 1, 0, 'N', 'N', 'N', 'N', 'N', 'N', 'N', 'N', 'N', 'N', 'N', 'N', 'N', 'N', 'N', 'N', 'N', 'N', 'N', 'N', 'N']",5,445.155,68.3,12648,0,12648,100.0,3409254,53973,3463227,67.69
,,,,,,10,453.252,69.54,12648,0,12648,100.0,3474033,53973,3528006,68.96
,,,,,,25,451.406,69.26,12648,0,12648,100.0,3459261,53973,3513234,68.67
,,,,,,50,450.682,69.15,12648,0,12648,100.0,3453474,53973,3507447,68.56
,,,,,,100,450.344,69.1,12648,0,12648,100.0,3450765,53973,3504738,68.5
,,,,,,200,450.152,69.07,12648,0,12648,100.0,3449229,53973,3503202,68.47
,,,,15,"[0, 'N', 'N', 'N', 'N', 'N', 'N', 36, 28, 1, 41, 25, 1, 45, 24, 1, 47, 24, 1, 46, 25, 1, 44, 27, 1, 37, 27, 1, 32, 27, 1, 27, 26, 2, 24, 26, 2, 23, 25, 2, 21, 25, 2, 20, 25, 3, 18, 24, 3, 17, 23, 3, 16, 23, 3, 16, 23, 3, 16, 24, 3, 17, 24, 3, 18, 24, 3, 20, 24, 3, 21, 23, 3, 23, 23, 3, 24, 22, 3, 25, 21, 3, 26, 21, 3, 26, 20, 3, 26, 20, 3, 25, 19, 3, 23, 19, 3, 21, 18, 3, 19, 18, 3, 16, 17, 3, 15, 16, 2, 13, 15, 2, 12, 15, 2, 11, 13, 3, 7, 9, 3, 0, 0, 0, 'N', 'N', 'N', 'N', 'N', 'N', 'N', 'N', 'N', 'N', 'N', 'N', 'N', 'N', 'N', 'N', 'N', 'N', 'N', 'N', 'N', 'N', 'N', 'N', 'N', 'N', 'N', 'N', 'N', 'N', 'N', 'N', 'N', 'N', 'N', 'N', 'N', 'N', 'N', 'N', 'N', 'N', 'N', 'N', 'N', 'N', 'N', 'N', 'N', 'N', 'N', 'N', 'N', 'N', 'N', 'N', 'N', 'N', 'N', 'N', 'N', 'N', 'N', 'N', 'N', 'N', 'N', 'N', 'N', 'N', 'N', 'N', 'N', 'N', 'N', 29, 29, 1, 30, 31, 1, 30, 29, 1, 30, 28, 1, 30, 26, 1, 30, 24, 1, 30, 22, 2, 29, 20, 2, 27, 18, 2, 25, 16, 2, 23, 14, 2, 20, 12, 2, 18, 11, 2, 16, 11, 2, 15, 11, 2, 15, 11, 2, 14, 11, 3, 14, 10, 3, 14, 10, 3, 13, 9, 3, 13, 9, 3, 13, 9, 3, 13, 9, 3, 12, 9, 4, 12, 8, 4, 12, 8, 4, 12, 8, 4, 11, 8, 4, 11, 8, 3, 11, 8, 3, 11, 8, 3, 12, 8, 3, 12, 8, 3, 12, 8, 3, 12, 8, 3, 11, 8, 3, 11, 8, 3, 11, 8, 3, 10, 8, 3, 9, 8, 3, 9, 7, 3, 8, 7, 3, 8, 7, 3, 7, 7, 3, 7, 7, 3, 6, 7, 3, 6, 8, 3, 6, 7, 3, 5, 9, 2, 2, 4, 1, 1, 2, 0, 'N', 'N', 'N', 'N', 'N', 'N', 'N', 'N', 'N', 'N', 'N', 'N', 'N', 'N', 'N', 'N', 'N', 'N', 'N', 'N', 'N', 'N', 'N', 'N', 'N', 'N', 'N', 'N', 'N', 'N', 'N', 'N', 'N', 'N', 'N', 'N', 34, 22, 2, 36, 19, 1, 40, 19, 1, 40, 18, 1, 40, 17, 1, 39, 17, 1, 37, 18, 1, 36, 18, 1, 34, 19, 1, 33, 20, 1, 33, 21, 1, 33, 23, 1, 35, 24, 1, 37, 24, 1, 39, 24, 1, 39, 24, 1, 39, 23, 1, 38, 23, 1, 36, 25, 1, 33, 27, 1, 30, 30, 1, 27, 31, 1, 23, 31, 1, 20, 30, 1, 19, 27, 1, 18, 24, 2, 16, 22, 2, 15, 21, 2, 13, 22, 2, 11, 21, 2, 11, 21, 3, 11, 20, 3, 11, 20, 3, 12, 19, 3, 13, 18, 4, 13, 17, 4, 14, 17, 4, 14, 16, 4, 15, 16, 4, 15, 15, 4, 16, 14, 4, 16, 13, 4, 16, 13, 4, 16, 12, 4, 17, 12, 4, 17, 12, 3, 17, 11, 3, 17, 10, 3, 17, 10, 3, 15, 8, 3, 13, 8, 2, 11, 5, 1, 0, 1, 0, 'N', 'N', 'N', 'N', 'N', 'N', 'N', 'N', 'N', 'N', 'N', 'N', 'N', 'N', 'N', 'N', 'N', 'N', 'N', 'N', 'N']",5,422.421,64.81,12648,0,12648,100.0,3227382,53973,3281355,64.14
,,,,,,10,450.390,69.1,12648,0,12648,100.0,3451137,53973,3505110,68.51
,,,,,,25,451.370,69.25,12648,0,12648,100.0,3458973,53973,3512946,68.66
,,,,,,50,450.682,69.15,12648,0,12648,100.0,3453474,53973,3507447,68.56
,,,,,,100,450.344,69.1,12648,0,12648,100.0,3450765,53973,3504738,68.5
,,,,,,200,450.152,69.07,12648,0,12648,100.0,3449229,53973,3503202,68.47
,,,,20,"[0, 'N', 'N', 'N', 'N', 'N', 'N', 49, 38, 1, 54, 34, 1, 60, 31, 1, 62, 32, 1, 62, 33, 1, 58, 36, 1, 50, 36, 1, 42, 36, 2, 36, 35, 2, 32, 34, 2, 30, 34, 3, 28, 33, 3, 26, 33, 3, 24, 32, 4, 22, 31, 4, 21, 31, 4, 21, 31, 4, 21, 32, 4, 22, 32, 4, 24, 32, 5, 26, 32, 5, 28, 31, 5, 30, 30, 5, 32, 29, 4, 33, 29, 4, 34, 28, 4, 35, 27, 4, 34, 26, 4, 33, 26, 4, 31, 25, 4, 28, 24, 4, 25, 23, 3, 22, 22, 3, 19, 21, 3, 17, 20, 3, 16, 20, 3, 15, 17, 4, 9, 11, 5, 0, 0, 0, 'N', 'N', 'N', 'N', 'N', 'N', 'N', 'N', 'N', 'N', 'N', 'N', 'N', 'N', 'N', 'N', 'N', 'N', 'N', 'N', 'N', 'N', 'N', 'N', 'N', 'N', 'N', 'N', 'N', 'N', 'N', 'N', 'N', 'N', 'N', 'N', 'N', 'N', 'N', 'N', 'N', 'N', 'N', 'N', 'N', 'N', 'N', 'N', 'N', 'N', 'N', 'N', 'N', 'N', 'N', 'N', 'N', 'N', 'N', 'N', 'N', 'N', 'N', 'N', 'N', 'N', 'N', 'N', 'N', 'N', 'N', 'N', 'N', 'N', 'N', 39, 39, 1, 40, 41, 1, 40, 39, 2, 40, 37, 2, 40, 34, 2, 40, 32, 2, 40, 29, 2, 38, 27, 2, 36, 24, 3, 33, 21, 3, 30, 18, 3, 27, 16, 3, 25, 15, 3, 22, 15, 3, 20, 15, 3, 19, 15, 3, 19, 14, 3, 18, 14, 4, 18, 13, 4, 18, 13, 4, 18, 12, 4, 17, 12, 4, 17, 12, 5, 16, 12, 5, 16, 11, 5, 15, 11, 5, 15, 11, 5, 15, 11, 5, 15, 11, 5, 15, 11, 5, 15, 11, 5, 15, 11, 5, 16, 11, 5, 16, 11, 4, 15, 11, 4, 15, 11, 4, 15, 11, 5, 14, 10, 5, 13, 10, 5, 12, 10, 5, 11, 10, 5, 11, 10, 5, 10, 9, 4, 9, 9, 4, 9, 9, 4, 9, 10, 4, 8, 10, 4, 8, 10, 4, 6, 12, 3, 3, 5, 1, 1, 2, 0, 'N', 'N', 'N', 'N', 'N', 'N', 'N', 'N', 'N', 'N', 'N', 'N', 'N', 'N', 'N', 'N', 'N', 'N', 'N', 'N', 'N', 'N', 'N', 'N', 'N', 'N', 'N', 'N', 'N', 'N', 'N', 'N', 'N', 'N', 'N', 'N', 45, 30, 2, 48, 25, 1, 53, 26, 1, 54, 24, 1, 53, 23, 1, 52, 23, 1, 50, 23, 1, 48, 24, 1, 46, 25, 1, 44, 27, 1, 44, 28, 1, 45, 30, 1, 47, 32, 1, 50, 32, 1, 52, 32, 1, 53, 31, 1, 52, 31, 1, 50, 31, 1, 48, 33, 1, 44, 36, 1, 40, 40, 1, 35, 42, 1, 31, 42, 1, 27, 40, 2, 25, 36, 2, 23, 32, 2, 22, 29, 2, 20, 28, 3, 17, 29, 3, 15, 28, 3, 15, 28, 4, 15, 27, 4, 15, 26, 4, 16, 26, 5, 17, 24, 5, 18, 23, 5, 18, 22, 5, 19, 22, 5, 20, 22, 5, 20, 21, 5, 21, 19, 5, 21, 18, 5, 21, 17, 5, 22, 17, 5, 22, 16, 5, 23, 16, 5, 23, 15, 4, 23, 14, 4, 22, 13, 4, 19, 11, 4, 17, 10, 3, 15, 6, 1, 1, 2, 1, 'N', 'N', 'N', 'N', 'N', 'N', 'N', 'N', 'N', 'N', 'N', 'N', 'N', 'N', 'N', 'N', 'N', 'N', 'N', 'N', 'N']",5,392.181,60.17,12648,0,12648,100.0,2985462,53973,3039435,59.41
,,,,,,10,442.790,67.94,12648,0,12648,100.0,3390333,53973,3444306,67.32
,,,,,,25,451.082,69.21,12648,0,12648,100.0,3456669,53973,3510642,68.62
,,,,,,50,450.682,69.15,12648,0,12648,100.0,3453474,53973,3507447,68.56
,,,,,,100,450.344,69.1,12648,0,12648,100.0,3450765,53973,3504738,68.5
,,,,,,200,450.152,69.07,12648,0,12648,100.0,3449229,53973,3503202,68.47
,,,,30,"[0, 'N', 'N', 'N', 'N', 'N', 'N', 73, 57, 1, 81, 51, 2, 90, 47, 2, 94, 47, 2, 92, 50, 2, 87, 53, 2, 74, 54, 2, 64, 54, 3, 53, 53, 3, 47, 51, 4, 45, 51, 4, 42, 50, 5, 39, 49, 5, 36, 48, 5, 33, 47, 6, 32, 46, 6, 31, 47, 6, 32, 48, 6, 34, 48, 7, 36, 48, 7, 39, 48, 7, 43, 47, 7, 45, 45, 7, 47, 44, 7, 49, 43, 6, 51, 42, 6, 52, 40, 6, 51, 39, 6, 49, 38, 6, 46, 38, 6, 42, 36, 5, 37, 35, 5, 33, 34, 5, 29, 32, 5, 26, 31, 5, 24, 29, 5, 23, 26, 5, 13, 17, 7, 0, 0, 0, 'N', 'N', 'N', 'N', 'N', 'N', 'N', 'N', 'N', 'N', 'N', 'N', 'N', 'N', 'N', 'N', 'N', 'N', 'N', 'N', 'N', 'N', 'N', 'N', 'N', 'N', 'N', 'N', 'N', 'N', 'N', 'N', 'N', 'N', 'N', 'N', 'N', 'N', 'N', 'N', 'N', 'N', 'N', 'N', 'N', 'N', 'N', 'N', 'N', 'N', 'N', 'N', 'N', 'N', 'N', 'N', 'N', 'N', 'N', 'N', 'N', 'N', 'N', 'N', 'N', 'N', 'N', 'N', 'N', 'N', 'N', 'N', 'N', 'N', 'N', 59, 59, 2, 59, 61, 2, 60, 59, 2, 60, 55, 2, 60, 52, 3, 60, 48, 3, 59, 44, 3, 57, 40, 4, 54, 36, 4, 50, 31, 4, 45, 28, 4, 41, 24, 4, 37, 23, 4, 32, 22, 5, 30, 22, 5, 29, 22, 5, 28, 22, 5, 28, 20, 5, 27, 19, 6, 27, 19, 6, 27, 19, 6, 26, 18, 7, 25, 18, 7, 24, 17, 7, 24, 17, 7, 23, 17, 7, 23, 16, 7, 23, 16, 7, 23, 17, 7, 23, 17, 7, 23, 17, 7, 23, 17, 7, 23, 16, 7, 23, 16, 7, 23, 16, 7, 23, 16, 7, 22, 16, 7, 21, 16, 7, 20, 15, 7, 18, 15, 7, 17, 15, 7, 16, 14, 7, 15, 14, 7, 14, 14, 6, 14, 14, 6, 13, 14, 6, 12, 16, 6, 11, 15, 6, 10, 18, 4, 4, 8, 1, 2, 3, 0, 'N', 'N', 'N', 'N', 'N', 'N', 'N', 'N', 'N', 'N', 'N', 'N', 'N', 'N', 'N', 'N', 'N', 'N', 'N', 'N', 'N', 'N', 'N', 'N', 'N', 'N', 'N', 'N', 'N', 'N', 'N', 'N', 'N', 'N', 'N', 'N', 67, 45, 3, 73, 38, 2, 80, 39, 2, 80, 36, 2, 79, 35, 2, 77, 35, 2, 75, 35, 2, 72, 36, 2, 69, 38, 2, 66, 40, 2, 66, 42, 2, 67, 45, 2, 71, 47, 2, 74, 48, 2, 78, 48, 2, 79, 47, 2, 78, 46, 2, 75, 47, 2, 71, 50, 2, 67, 54, 2, 60, 59, 2, 53, 62, 2, 46, 63, 2, 41, 59, 3, 37, 53, 3, 35, 48, 3, 33, 44, 4, 29, 42, 4, 25, 43, 4, 23, 42, 5, 22, 41, 5, 22, 40, 6, 23, 39, 6, 24, 39, 7, 25, 37, 7, 26, 35, 8, 28, 33, 8, 29, 32, 8, 30, 32, 8, 30, 31, 8, 31, 29, 8, 32, 27, 8, 32, 25, 8, 33, 25, 7, 34, 24, 7, 34, 23, 7, 35, 22, 7, 35, 21, 6, 34, 20, 6, 29, 17, 7, 25, 15, 5, 22, 10, 2, 1, 3, 1, 'N', 'N', 'N', 'N', 'N', 'N', 'N', 'N', 'N', 'N', 'N', 'N', 'N', 'N', 'N', 'N', 'N', 'N', 'N', 'N', 'N']",5,328.125,50.34,12648,0,12648,100.0,2473014,53973,2526987,49.39
,,,,,,10,410.673,63.01,12648,0,12648,100.0,3133401,53973,3187374,62.3
,,,,,,25,447.266,68.62,12648,0,12648,100.0,3426141,53973,3480114,68.02
,,,,,,50,450.388,69.1,12648,0,12648,100.0,3451122,53973,3505095,68.51
,,,,,,100,450.344,69.1,12648,0,12648,100.0,3450765,53973,3504738,68.5
,,,,,,200,450.152,69.07,12648,0,12648,100.0,3449229,53973,3503202,68.47
,noaa-adcp-201502.csv,672,CoderBasic,,,,588.400,100,11424,0,11424,100,4572288,38124,4610412,100
,,,CoderPCA,0,"[0, 'N', 'N', 'N', 'N', 'N', 'N', 0, 0, 0, 0, 0, 0, 0, 0, 0, 0, 0, 0, 0, 0, 0, 0, 0, 0, 0, 0, 0, 0, 0, 0, 0, 0, 0, 0, 0, 0, 0, 0, 0, 0, 0, 0, 0, 0, 0, 0, 0, 0, 0, 0, 0, 0, 0, 0, 0, 0, 0, 0, 0, 0, 0, 0, 0, 0, 0, 0, 0, 0, 0, 0, 0, 0, 0, 0, 0, 0, 0, 0, 0, 0, 0, 0, 0, 0, 0, 0, 0, 0, 0, 0, 0, 0, 0, 0, 0, 0, 0, 0, 0, 0, 0, 0, 0, 0, 0, 0, 0, 0, 0, 0, 0, 0, 0, 0, 0, 0, 0, 0, 0, 0, 'N', 'N', 'N', 'N', 'N', 'N', 'N', 'N', 'N', 'N', 'N', 'N', 'N', 'N', 'N', 'N', 'N', 'N', 'N', 'N', 'N', 'N', 'N', 'N', 'N', 'N', 'N', 'N', 'N', 'N', 'N', 'N', 'N', 'N', 'N', 'N', 'N', 'N', 'N', 'N', 'N', 'N', 'N', 'N', 'N', 'N', 'N', 'N', 'N', 'N', 'N', 'N', 'N', 'N', 'N', 'N', 'N', 'N', 'N', 'N', 'N', 'N', 'N', 'N', 'N', 'N', 'N', 'N', 'N', 'N', 'N', 'N', 'N', 'N', 'N', 'N', 'N', 'N', 0, 0, 0, 0, 0, 0, 0, 0, 0, 0, 0, 0, 0, 0, 0, 0, 0, 0, 0, 0, 0, 0, 0, 0, 0, 0, 0, 0, 0, 0, 0, 0, 0, 0, 0, 0, 0, 0, 0, 0, 0, 0, 0, 0, 0, 0, 0, 0, 0, 0, 0, 0, 0, 0, 0, 0, 0, 0, 0, 0, 0, 0, 0, 0, 0, 0, 0, 0, 0, 0, 0, 0, 0, 0, 0, 0, 0, 0, 0, 0, 0, 0, 0, 0, 0, 0, 0, 0, 0, 0, 0, 0, 0, 0, 0, 0, 0, 0, 0, 0, 0, 0, 0, 0, 0, 0, 0, 0, 0, 0, 0, 0, 0, 0, 0, 0, 0, 0, 0, 0, 0, 0, 0, 0, 0, 0, 0, 0, 0, 0, 0, 0, 0, 0, 0, 0, 0, 0, 0, 0, 0, 'N', 'N', 'N', 'N', 'N', 'N', 'N', 'N', 'N', 'N', 'N', 'N', 'N', 'N', 'N', 'N', 'N', 'N', 'N', 'N', 'N', 'N', 'N', 'N', 'N', 'N', 'N', 'N', 'N', 'N', 'N', 'N', 'N', 'N', 'N', 'N', 'N', 'N', 'N', 'N', 'N', 'N', 'N', 'N', 'N', 'N', 'N', 'N', 0, 0, 0, 0, 0, 0, 0, 0, 0, 0, 0, 0, 0, 0, 0, 0, 0, 0, 0, 0, 0, 0, 0, 0, 0, 0, 0, 0, 0, 0, 0, 0, 0, 0, 0, 0, 0, 0, 0, 0, 0, 0, 0, 0, 0, 0, 0, 0, 0, 0, 0, 0, 0, 0, 0, 0, 0, 0, 0, 0, 0, 0, 0, 0, 0, 0, 0, 0, 0, 0, 0, 0, 0, 0, 0, 0, 0, 0, 0, 0, 0, 0, 0, 0, 0, 0, 0, 0, 0, 0, 0, 0, 0, 0, 0, 0, 0, 0, 0, 0, 0, 0, 0, 0, 0, 0, 0, 0, 0, 0, 0, 0, 0, 0, 0, 0, 0, 0, 0, 0, 0, 0, 0, 0, 0, 0, 0, 0, 0, 0, 0, 0, 0, 0, 0, 0, 0, 0, 0, 0, 0, 0, 0, 0, 0, 0, 0, 'N', 'N', 'N', 'N', 'N', 'N', 'N', 'N', 'N', 'N', 'N', 'N', 'N', 'N', 'N', 'N', 'N', 'N', 'N', 'N', 'N', 'N', 'N', 'N', 'N', 'N', 'N', 'N', 'N', 'N', 'N', 'N', 'N']",5,407.094,69.19,11424,0,11424,100.0,3121839,38124,3159963,68.54
,,,,,,10,403.911,68.65,11424,0,11424,100.0,3096375,38124,3134499,67.99
,,,,,,25,401.961,68.31,11424,0,11424,100.0,3080775,38124,3118899,67.65
,,,,,,50,401.342,68.21,11424,0,11424,100.0,3075825,38124,3113949,67.54
,,,,,,100,401.009,68.15,11424,0,11424,100.0,3073164,38124,3111288,67.48
,,,,,,200,400.866,68.13,11424,0,11424,100.0,3072018,38124,3110142,67.46
,,,,1,"[0, 'N', 'N', 'N', 'N', 'N', 'N', 1, 3, 0, 2, 3, 0, 2, 2, 0, 2, 2, 0, 2, 2, 0, 3, 2, 0, 2, 2, 0, 2, 2, 0, 2, 2, 0, 2, 2, 0, 2, 2, 0, 2, 2, 0, 2, 2, 0, 2, 2, 0, 2, 2, 0, 2, 2, 0, 2, 2, 0, 2, 2, 0, 2, 2, 0, 2, 2, 0, 2, 2, 0, 1, 2, 0, 1, 1, 0, 1, 1, 0, 1, 1, 0, 1, 1, 0, 1, 1, 0, 1, 1, 0, 1, 1, 0, 1, 1, 0, 1, 1, 0, 2, 1, 0, 2, 1, 0, 2, 1, 0, 2, 1, 0, 1, 1, 0, 2, 2, 0, 2, 1, 0, 'N', 'N', 'N', 'N', 'N', 'N', 'N', 'N', 'N', 'N', 'N', 'N', 'N', 'N', 'N', 'N', 'N', 'N', 'N', 'N', 'N', 'N', 'N', 'N', 'N', 'N', 'N', 'N', 'N', 'N', 'N', 'N', 'N', 'N', 'N', 'N', 'N', 'N', 'N', 'N', 'N', 'N', 'N', 'N', 'N', 'N', 'N', 'N', 'N', 'N', 'N', 'N', 'N', 'N', 'N', 'N', 'N', 'N', 'N', 'N', 'N', 'N', 'N', 'N', 'N', 'N', 'N', 'N', 'N', 'N', 'N', 'N', 'N', 'N', 'N', 'N', 'N', 'N', 0, 0, 0, 1, 2, 0, 1, 2, 0, 1, 2, 0, 1, 1, 0, 1, 1, 0, 1, 1, 0, 1, 1, 0, 1, 1, 0, 1, 1, 0, 1, 1, 0, 1, 1, 0, 1, 1, 0, 1, 1, 0, 1, 1, 0, 1, 1, 0, 1, 1, 0, 1, 1, 0, 1, 1, 0, 1, 1, 0, 1, 1, 0, 1, 1, 0, 1, 1, 0, 1, 1, 0, 1, 1, 0, 1, 1, 0, 1, 1, 0, 1, 1, 0, 1, 1, 0, 1, 1, 0, 1, 1, 0, 1, 1, 0, 1, 1, 0, 1, 1, 0, 1, 0, 0, 1, 0, 0, 1, 0, 0, 1, 0, 0, 1, 0, 0, 1, 0, 0, 1, 0, 0, 1, 0, 0, 1, 0, 0, 0, 0, 0, 0, 0, 0, 0, 0, 0, 0, 0, 0, 'N', 'N', 'N', 'N', 'N', 'N', 'N', 'N', 'N', 'N', 'N', 'N', 'N', 'N', 'N', 'N', 'N', 'N', 'N', 'N', 'N', 'N', 'N', 'N', 'N', 'N', 'N', 'N', 'N', 'N', 'N', 'N', 'N', 'N', 'N', 'N', 'N', 'N', 'N', 'N', 'N', 'N', 'N', 'N', 'N', 'N', 'N', 'N', 1, 1, 0, 2, 1, 0, 2, 1, 0, 2, 1, 0, 2, 1, 0, 3, 1, 0, 3, 1, 0, 3, 1, 0, 3, 1, 0, 3, 1, 0, 3, 2, 0, 3, 2, 0, 3, 2, 0, 3, 1, 0, 3, 1, 0, 2, 1, 0, 2, 1, 0, 2, 1, 0, 2, 1, 0, 2, 1, 0, 2, 1, 0, 1, 1, 0, 1, 1, 0, 1, 1, 0, 1, 1, 0, 1, 2, 0, 1, 2, 0, 1, 2, 0, 1, 2, 0, 1, 2, 0, 1, 2, 0, 1, 2, 0, 1, 1, 0, 1, 2, 0, 1, 2, 0, 1, 2, 0, 1, 2, 0, 1, 2, 0, 1, 1, 0, 1, 1, 0, 1, 1, 0, 1, 1, 0, 1, 1, 0, 1, 1, 0, 1, 1, 0, 1, 1, 0, 1, 1, 0, 1, 1, 0, 1, 1, 0, 'N', 'N', 'N', 'N', 'N', 'N', 'N', 'N', 'N', 'N', 'N', 'N', 'N', 'N', 'N', 'N', 'N', 'N', 'N', 'N', 'N', 'N', 'N', 'N', 'N', 'N', 'N', 'N', 'N', 'N', 'N', 'N', 'N']",5,407.082,69.18,11424,0,11424,100.0,3121743,38124,3159867,68.54
,,,,,,10,403.911,68.65,11424,0,11424,100.0,3096375,38124,3134499,67.99
,,,,,,25,401.961,68.31,11424,0,11424,100.0,3080775,38124,3118899,67.65
,,,,,,50,401.342,68.21,11424,0,11424,100.0,3075825,38124,3113949,67.54
,,,,,,100,401.009,68.15,11424,0,11424,100.0,3073164,38124,3111288,67.48
,,,,,,200,400.866,68.13,11424,0,11424,100.0,3072018,38124,3110142,67.46
,,,,3,"[0, 'N', 'N', 'N', 'N', 'N', 'N', 4, 8, 0, 7, 8, 0, 7, 7, 0, 7, 6, 0, 7, 6, 0, 8, 5, 0, 7, 5, 0, 7, 6, 0, 6, 6, 0, 6, 7, 1, 6, 7, 1, 5, 7, 1, 5, 7, 1, 5, 7, 1, 5, 7, 1, 5, 6, 1, 5, 6, 1, 5, 6, 1, 5, 5, 1, 5, 5, 1, 5, 5, 1, 4, 5, 1, 4, 4, 1, 4, 4, 1, 4, 4, 1, 4, 4, 1, 4, 4, 1, 4, 4, 1, 4, 4, 0, 4, 4, 0, 4, 4, 0, 5, 4, 0, 5, 4, 0, 5, 4, 0, 5, 4, 0, 4, 4, 0, 6, 5, 0, 5, 4, 0, 'N', 'N', 'N', 'N', 'N', 'N', 'N', 'N', 'N', 'N', 'N', 'N', 'N', 'N', 'N', 'N', 'N', 'N', 'N', 'N', 'N', 'N', 'N', 'N', 'N', 'N', 'N', 'N', 'N', 'N', 'N', 'N', 'N', 'N', 'N', 'N', 'N', 'N', 'N', 'N', 'N', 'N', 'N', 'N', 'N', 'N', 'N', 'N', 'N', 'N', 'N', 'N', 'N', 'N', 'N', 'N', 'N', 'N', 'N', 'N', 'N', 'N', 'N', 'N', 'N', 'N', 'N', 'N', 'N', 'N', 'N', 'N', 'N', 'N', 'N', 'N', 'N', 'N', 1, 1, 0, 3, 5, 0, 3, 5, 0, 3, 5, 0, 3, 4, 0, 4, 4, 0, 4, 4, 0, 4, 4, 0, 4, 3, 0, 4, 3, 0, 4, 3, 0, 4, 3, 0, 3, 3, 0, 3, 3, 0, 3, 3, 0, 2, 3, 0, 2, 3, 0, 2, 3, 0, 3, 3, 0, 3, 3, 0, 3, 2, 0, 3, 2, 0, 3, 2, 1, 3, 2, 1, 3, 2, 1, 3, 2, 1, 3, 2, 1, 3, 2, 1, 3, 2, 1, 3, 2, 1, 3, 2, 1, 3, 2, 1, 3, 2, 1, 3, 2, 1, 3, 1, 1, 2, 1, 1, 2, 1, 1, 2, 1, 1, 2, 1, 1, 2, 1, 1, 2, 1, 1, 2, 1, 1, 2, 1, 1, 1, 1, 1, 1, 1, 1, 1, 1, 1, 0, 1, 1, 'N', 'N', 'N', 'N', 'N', 'N', 'N', 'N', 'N', 'N', 'N', 'N', 'N', 'N', 'N', 'N', 'N', 'N', 'N', 'N', 'N', 'N', 'N', 'N', 'N', 'N', 'N', 'N', 'N', 'N', 'N', 'N', 'N', 'N', 'N', 'N', 'N', 'N', 'N', 'N', 'N', 'N', 'N', 'N', 'N', 'N', 'N', 'N', 3, 2, 0, 6, 4, 0, 6, 4, 0, 7, 4, 0, 7, 4, 0, 8, 4, 0, 8, 4, 0, 8, 4, 0, 9, 4, 0, 9, 4, 0, 9, 5, 0, 9, 5, 0, 9, 5, 0, 8, 4, 0, 8, 4, 0, 7, 4, 0, 6, 4, 0, 6, 4, 0, 5, 4, 0, 5, 4, 0, 5, 4, 0, 4, 4, 0, 4, 4, 0, 3, 4, 0, 3, 4, 0, 3, 5, 0, 3, 5, 0, 2, 5, 0, 2, 5, 0, 2, 5, 0, 2, 5, 0, 2, 5, 1, 2, 4, 1, 2, 5, 1, 2, 5, 1, 2, 5, 1, 3, 5, 1, 3, 5, 1, 3, 4, 1, 3, 4, 1, 3, 4, 1, 3, 3, 1, 3, 3, 1, 3, 3, 1, 3, 3, 1, 3, 2, 1, 3, 2, 1, 3, 2, 1, 2, 2, 0, 'N', 'N', 'N', 'N', 'N', 'N', 'N', 'N', 'N', 'N', 'N', 'N', 'N', 'N', 'N', 'N', 'N', 'N', 'N', 'N', 'N', 'N', 'N', 'N', 'N', 'N', 'N', 'N', 'N', 'N', 'N', 'N', 'N']",5,406.800,69.14,11424,0,11424,100.0,3119487,38124,3157611,68.49
,,,,,,10,403.911,68.65,11424,0,11424,100.0,3096375,38124,3134499,67.99
,,,,,,25,401.961,68.31,11424,0,11424,100.0,3080775,38124,3118899,67.65
,,,,,,50,401.342,68.21,11424,0,11424,100.0,3075825,38124,3113949,67.54
,,,,,,100,401.009,68.15,11424,0,11424,100.0,3073164,38124,3111288,67.48
,,,,,,200,400.866,68.13,11424,0,11424,100.0,3072018,38124,3110142,67.46
,,,,5,"[0, 'N', 'N', 'N', 'N', 'N', 'N', 7, 14, 0, 11, 13, 0, 11, 12, 0, 12, 10, 1, 12, 9, 1, 13, 9, 1, 12, 9, 1, 12, 10, 1, 11, 10, 1, 10, 11, 1, 9, 12, 1, 9, 12, 1, 9, 12, 1, 9, 11, 1, 9, 11, 1, 9, 11, 1, 9, 10, 1, 8, 9, 1, 8, 9, 1, 8, 8, 1, 8, 8, 1, 7, 8, 1, 7, 7, 1, 7, 7, 1, 7, 7, 1, 7, 7, 1, 7, 7, 1, 7, 7, 1, 7, 7, 1, 7, 7, 1, 7, 7, 1, 8, 6, 1, 8, 6, 1, 8, 6, 1, 8, 6, 1, 7, 6, 1, 10, 8, 1, 8, 6, 1, 'N', 'N', 'N', 'N', 'N', 'N', 'N', 'N', 'N', 'N', 'N', 'N', 'N', 'N', 'N', 'N', 'N', 'N', 'N', 'N', 'N', 'N', 'N', 'N', 'N', 'N', 'N', 'N', 'N', 'N', 'N', 'N', 'N', 'N', 'N', 'N', 'N', 'N', 'N', 'N', 'N', 'N', 'N', 'N', 'N', 'N', 'N', 'N', 'N', 'N', 'N', 'N', 'N', 'N', 'N', 'N', 'N', 'N', 'N', 'N', 'N', 'N', 'N', 'N', 'N', 'N', 'N', 'N', 'N', 'N', 'N', 'N', 'N', 'N', 'N', 'N', 'N', 'N', 2, 1, 0, 5, 9, 0, 5, 8, 0, 5, 8, 0, 6, 7, 0, 6, 7, 0, 6, 6, 0, 7, 6, 0, 7, 6, 0, 6, 6, 0, 6, 6, 1, 6, 6, 1, 6, 5, 1, 5, 5, 1, 4, 5, 1, 4, 5, 1, 4, 5, 1, 4, 5, 1, 4, 5, 1, 5, 4, 1, 5, 4, 1, 5, 3, 1, 5, 3, 1, 5, 3, 1, 5, 3, 1, 5, 3, 1, 5, 3, 1, 5, 3, 1, 5, 3, 1, 5, 3, 1, 5, 3, 1, 5, 3, 1, 5, 3, 1, 5, 3, 1, 4, 2, 1, 4, 2, 1, 4, 2, 1, 3, 2, 1, 3, 2, 1, 3, 2, 1, 3, 2, 1, 3, 2, 1, 3, 2, 1, 2, 2, 1, 2, 2, 1, 2, 2, 1, 0, 1, 1, 'N', 'N', 'N', 'N', 'N', 'N', 'N', 'N', 'N', 'N', 'N', 'N', 'N', 'N', 'N', 'N', 'N', 'N', 'N', 'N', 'N', 'N', 'N', 'N', 'N', 'N', 'N', 'N', 'N', 'N', 'N', 'N', 'N', 'N', 'N', 'N', 'N', 'N', 'N', 'N', 'N', 'N', 'N', 'N', 'N', 'N', 'N', 'N', 6, 3, 0, 10, 6, 0, 11, 6, 0, 11, 6, 0, 12, 6, 0, 13, 6, 0, 13, 6, 0, 14, 6, 0, 14, 7, 0, 15, 7, 0, 15, 8, 0, 15, 8, 0, 15, 8, 0, 14, 7, 0, 13, 7, 0, 12, 6, 0, 10, 6, 0, 10, 6, 0, 9, 7, 0, 8, 7, 0, 8, 7, 0, 7, 7, 0, 6, 7, 0, 5, 7, 0, 5, 7, 0, 4, 8, 0, 4, 8, 0, 4, 8, 0, 4, 8, 1, 4, 8, 1, 4, 8, 1, 4, 8, 1, 3, 7, 1, 4, 8, 1, 4, 8, 1, 4, 8, 1, 4, 8, 1, 5, 8, 1, 5, 7, 1, 5, 6, 1, 4, 6, 1, 4, 6, 1, 4, 5, 1, 5, 5, 1, 5, 5, 1, 5, 4, 1, 5, 4, 1, 5, 3, 1, 4, 3, 0, 'N', 'N', 'N', 'N', 'N', 'N', 'N', 'N', 'N', 'N', 'N', 'N', 'N', 'N', 'N', 'N', 'N', 'N', 'N', 'N', 'N', 'N', 'N', 'N', 'N', 'N', 'N', 'N', 'N', 'N', 'N', 'N', 'N']",5,405.972,69.0,11424,0,11424,100.0,3112863,38124,3150987,68.35
,,,,,,10,403.911,68.65,11424,0,11424,100.0,3096375,38124,3134499,67.99
,,,,,,25,401.961,68.31,11424,0,11424,100.0,3080775,38124,3118899,67.65
,,,,,,50,401.342,68.21,11424,0,11424,100.0,3075825,38124,3113949,67.54
,,,,,,100,401.009,68.15,11424,0,11424,100.0,3073164,38124,3111288,67.48
,,,,,,200,400.866,68.13,11424,0,11424,100.0,3072018,38124,3110142,67.46
,,,,10,"[0, 'N', 'N', 'N', 'N', 'N', 'N', 13, 27, 1, 22, 27, 1, 23, 23, 1, 24, 20, 1, 25, 18, 1, 26, 18, 1, 25, 18, 1, 23, 19, 1, 21, 21, 2, 20, 23, 2, 18, 24, 2, 18, 24, 2, 17, 23, 2, 18, 23, 2, 18, 22, 2, 18, 21, 2, 17, 20, 2, 17, 19, 2, 16, 17, 2, 16, 16, 2, 15, 16, 2, 15, 15, 2, 15, 15, 2, 14, 15, 2, 14, 15, 2, 14, 14, 2, 14, 14, 2, 14, 14, 2, 14, 14, 2, 15, 13, 2, 15, 13, 2, 15, 13, 1, 15, 13, 1, 15, 12, 1, 15, 12, 1, 15, 12, 1, 19, 15, 1, 17, 12, 1, 'N', 'N', 'N', 'N', 'N', 'N', 'N', 'N', 'N', 'N', 'N', 'N', 'N', 'N', 'N', 'N', 'N', 'N', 'N', 'N', 'N', 'N', 'N', 'N', 'N', 'N', 'N', 'N', 'N', 'N', 'N', 'N', 'N', 'N', 'N', 'N', 'N', 'N', 'N', 'N', 'N', 'N', 'N', 'N', 'N', 'N', 'N', 'N', 'N', 'N', 'N', 'N', 'N', 'N', 'N', 'N', 'N', 'N', 'N', 'N', 'N', 'N', 'N', 'N', 'N', 'N', 'N', 'N', 'N', 'N', 'N', 'N', 'N', 'N', 'N', 'N', 'N', 'N', 5, 2, 0, 10, 18, 1, 10, 17, 1, 11, 16, 1, 12, 15, 1, 12, 13, 1, 13, 12, 1, 13, 12, 1, 13, 11, 1, 13, 11, 1, 13, 11, 1, 12, 11, 1, 11, 11, 1, 10, 10, 1, 9, 10, 1, 8, 10, 1, 8, 10, 1, 8, 10, 1, 9, 9, 1, 10, 8, 1, 10, 8, 1, 11, 7, 2, 11, 6, 2, 11, 6, 2, 10, 6, 2, 10, 6, 2, 10, 6, 2, 10, 6, 2, 10, 6, 3, 10, 6, 3, 10, 6, 3, 10, 6, 3, 10, 5, 3, 9, 5, 3, 9, 5, 3, 8, 5, 3, 7, 5, 3, 7, 5, 3, 6, 5, 2, 6, 5, 2, 6, 5, 2, 5, 4, 2, 5, 4, 2, 5, 4, 2, 5, 4, 2, 4, 3, 2, 1, 2, 2, 'N', 'N', 'N', 'N', 'N', 'N', 'N', 'N', 'N', 'N', 'N', 'N', 'N', 'N', 'N', 'N', 'N', 'N', 'N', 'N', 'N', 'N', 'N', 'N', 'N', 'N', 'N', 'N', 'N', 'N', 'N', 'N', 'N', 'N', 'N', 'N', 'N', 'N', 'N', 'N', 'N', 'N', 'N', 'N', 'N', 'N', 'N', 'N', 11, 7, 1, 20, 12, 1, 22, 12, 1, 23, 12, 1, 24, 12, 1, 25, 12, 1, 26, 12, 1, 27, 13, 1, 28, 13, 1, 29, 14, 1, 30, 15, 1, 30, 16, 1, 29, 16, 1, 27, 15, 1, 26, 14, 1, 23, 13, 1, 21, 12, 1, 19, 13, 1, 18, 13, 1, 17, 14, 1, 16, 14, 1, 14, 13, 1, 12, 13, 1, 10, 14, 1, 9, 14, 1, 9, 16, 1, 9, 16, 1, 8, 16, 1, 8, 17, 1, 7, 16, 1, 7, 16, 1, 7, 16, 2, 7, 15, 2, 7, 15, 2, 7, 15, 2, 8, 16, 2, 9, 16, 3, 9, 15, 3, 9, 14, 3, 9, 13, 3, 9, 12, 3, 9, 11, 3, 9, 10, 3, 9, 10, 3, 10, 9, 2, 10, 8, 2, 10, 7, 2, 10, 7, 2, 7, 6, 1, 'N', 'N', 'N', 'N', 'N', 'N', 'N', 'N', 'N', 'N', 'N', 'N', 'N', 'N', 'N', 'N', 'N', 'N', 'N', 'N', 'N', 'N', 'N', 'N', 'N', 'N', 'N', 'N', 'N', 'N', 'N', 'N', 'N']",5,395.742,67.26,11424,0,11424,100.0,3031023,38124,3069147,66.57
,,,,,,10,403.600,68.59,11424,0,11424,100.0,3093891,38124,3132015,67.93
,,,,,,25,401.961,68.31,11424,0,11424,100.0,3080775,38124,3118899,67.65
,,,,,,50,401.342,68.21,11424,0,11424,100.0,3075825,38124,3113949,67.54
,,,,,,100,401.009,68.15,11424,0,11424,100.0,3073164,38124,3111288,67.48
,,,,,,200,400.866,68.13,11424,0,11424,100.0,3072018,38124,3110142,67.46
,,,,15,"[0, 'N', 'N', 'N', 'N', 'N', 'N', 20, 41, 1, 33, 40, 1, 34, 35, 1, 36, 31, 2, 37, 28, 2, 39, 26, 2, 37, 27, 2, 35, 29, 2, 32, 31, 2, 29, 34, 3, 28, 36, 3, 26, 36, 3, 26, 35, 3, 27, 34, 3, 27, 33, 3, 27, 32, 3, 26, 30, 3, 25, 28, 3, 24, 26, 3, 24, 25, 3, 23, 23, 3, 22, 23, 3, 22, 22, 3, 22, 22, 3, 22, 22, 3, 21, 22, 3, 21, 21, 3, 21, 21, 3, 21, 21, 2, 22, 20, 2, 22, 20, 2, 23, 19, 2, 23, 19, 2, 23, 19, 2, 23, 19, 2, 22, 19, 2, 29, 23, 2, 25, 18, 2, 'N', 'N', 'N', 'N', 'N', 'N', 'N', 'N', 'N', 'N', 'N', 'N', 'N', 'N', 'N', 'N', 'N', 'N', 'N', 'N', 'N', 'N', 'N', 'N', 'N', 'N', 'N', 'N', 'N', 'N', 'N', 'N', 'N', 'N', 'N', 'N', 'N', 'N', 'N', 'N', 'N', 'N', 'N', 'N', 'N', 'N', 'N', 'N', 'N', 'N', 'N', 'N', 'N', 'N', 'N', 'N', 'N', 'N', 'N', 'N', 'N', 'N', 'N', 'N', 'N', 'N', 'N', 'N', 'N', 'N', 'N', 'N', 'N', 'N', 'N', 'N', 'N', 'N', 7, 3, 1, 15, 27, 1, 15, 25, 1, 16, 24, 1, 17, 22, 1, 19, 20, 1, 19, 18, 1, 20, 18, 1, 20, 17, 1, 19, 17, 1, 19, 17, 2, 18, 17, 2, 17, 16, 2, 15, 16, 2, 13, 15, 2, 12, 15, 2, 11, 15, 2, 12, 15, 2, 13, 14, 2, 14, 13, 2, 15, 11, 2, 16, 10, 2, 16, 9, 3, 16, 9, 3, 15, 9, 3, 15, 9, 3, 15, 9, 4, 15, 9, 4, 15, 9, 4, 16, 9, 4, 16, 9, 4, 15, 9, 4, 15, 8, 4, 14, 8, 4, 13, 7, 4, 12, 7, 4, 11, 7, 4, 10, 7, 4, 9, 7, 4, 9, 7, 4, 9, 7, 3, 8, 7, 3, 8, 6, 3, 7, 6, 3, 7, 6, 3, 6, 5, 3, 1, 3, 3, 'N', 'N', 'N', 'N', 'N', 'N', 'N', 'N', 'N', 'N', 'N', 'N', 'N', 'N', 'N', 'N', 'N', 'N', 'N', 'N', 'N', 'N', 'N', 'N', 'N', 'N', 'N', 'N', 'N', 'N', 'N', 'N', 'N', 'N', 'N', 'N', 'N', 'N', 'N', 'N', 'N', 'N', 'N', 'N', 'N', 'N', 'N', 'N', 17, 10, 1, 29, 18, 1, 32, 18, 1, 34, 18, 1, 36, 18, 1, 38, 18, 1, 40, 18, 1, 41, 19, 1, 43, 20, 1, 44, 21, 1, 45, 23, 1, 44, 23, 1, 44, 23, 1, 41, 22, 1, 38, 21, 1, 35, 19, 1, 31, 19, 1, 29, 19, 1, 27, 20, 1, 25, 20, 1, 24, 21, 1, 20, 20, 1, 18, 20, 1, 15, 21, 1, 14, 22, 1, 13, 23, 1, 13, 24, 1, 12, 24, 1, 11, 25, 2, 11, 25, 2, 11, 24, 2, 11, 23, 3, 10, 22, 3, 11, 23, 3, 11, 23, 3, 12, 24, 4, 13, 24, 4, 14, 23, 4, 14, 21, 4, 14, 19, 4, 13, 18, 4, 13, 17, 4, 13, 16, 4, 14, 15, 4, 14, 14, 4, 15, 12, 4, 15, 11, 3, 15, 10, 3, 11, 8, 1, 'N', 'N', 'N', 'N', 'N', 'N', 'N', 'N', 'N', 'N', 'N', 'N', 'N', 'N', 'N', 'N', 'N', 'N', 'N', 'N', 'N', 'N', 'N', 'N', 'N', 'N', 'N', 'N', 'N', 'N', 'N', 'N', 'N']",5,375.570,63.83,11424,0,11424,100.0,2869647,38124,2907771,63.07
,,,,,,10,400.441,68.06,11424,0,11424,100.0,3068619,38124,3106743,67.39
,,,,,,25,401.925,68.31,11424,0,11424,100.0,3080487,38124,3118611,67.64
,,,,,,50,401.342,68.21,11424,0,11424,100.0,3075825,38124,3113949,67.54
,,,,,,100,401.009,68.15,11424,0,11424,100.0,3073164,38124,3111288,67.48
,,,,,,200,400.866,68.13,11424,0,11424,100.0,3072018,38124,3110142,67.46
,,,,20,"[0, 'N', 'N', 'N', 'N', 'N', 'N', 26, 55, 2, 43, 54, 2, 46, 46, 2, 48, 41, 2, 50, 37, 2, 52, 35, 2, 50, 35, 3, 47, 38, 3, 43, 42, 3, 39, 45, 3, 37, 48, 4, 35, 48, 4, 35, 47, 4, 35, 46, 4, 36, 44, 4, 36, 42, 4, 35, 40, 4, 34, 37, 4, 33, 35, 4, 31, 33, 4, 31, 31, 4, 30, 30, 4, 29, 30, 4, 29, 29, 4, 29, 29, 4, 29, 29, 4, 29, 29, 4, 28, 28, 3, 29, 27, 3, 29, 27, 3, 30, 26, 3, 30, 26, 3, 31, 25, 3, 31, 25, 3, 30, 25, 3, 30, 25, 2, 39, 30, 2, 33, 24, 3, 'N', 'N', 'N', 'N', 'N', 'N', 'N', 'N', 'N', 'N', 'N', 'N', 'N', 'N', 'N', 'N', 'N', 'N', 'N', 'N', 'N', 'N', 'N', 'N', 'N', 'N', 'N', 'N', 'N', 'N', 'N', 'N', 'N', 'N', 'N', 'N', 'N', 'N', 'N', 'N', 'N', 'N', 'N', 'N', 'N', 'N', 'N', 'N', 'N', 'N', 'N', 'N', 'N', 'N', 'N', 'N', 'N', 'N', 'N', 'N', 'N', 'N', 'N', 'N', 'N', 'N', 'N', 'N', 'N', 'N', 'N', 'N', 'N', 'N', 'N', 'N', 'N', 'N', 9, 5, 1, 20, 36, 1, 21, 34, 1, 22, 31, 1, 23, 29, 2, 25, 27, 2, 26, 25, 2, 26, 23, 2, 26, 23, 2, 26, 22, 2, 25, 22, 2, 24, 22, 2, 22, 22, 2, 20, 21, 2, 17, 20, 2, 16, 21, 2, 15, 20, 2, 16, 19, 2, 18, 18, 2, 19, 17, 3, 21, 15, 3, 21, 13, 3, 21, 12, 3, 21, 12, 4, 21, 12, 4, 20, 12, 4, 20, 12, 5, 20, 12, 5, 21, 12, 5, 21, 12, 5, 21, 12, 5, 21, 12, 6, 20, 11, 5, 19, 10, 5, 17, 10, 5, 16, 10, 5, 15, 10, 5, 13, 10, 5, 13, 10, 5, 12, 10, 5, 11, 9, 5, 11, 9, 5, 10, 8, 4, 10, 8, 4, 9, 7, 4, 8, 7, 4, 1, 4, 5, 'N', 'N', 'N', 'N', 'N', 'N', 'N', 'N', 'N', 'N', 'N', 'N', 'N', 'N', 'N', 'N', 'N', 'N', 'N', 'N', 'N', 'N', 'N', 'N', 'N', 'N', 'N', 'N', 'N', 'N', 'N', 'N', 'N', 'N', 'N', 'N', 'N', 'N', 'N', 'N', 'N', 'N', 'N', 'N', 'N', 'N', 'N', 'N', 22, 14, 1, 39, 23, 2, 43, 24, 1, 46, 24, 1, 48, 24, 1, 50, 24, 1, 53, 24, 1, 55, 25, 1, 57, 27, 1, 59, 29, 1, 59, 30, 1, 59, 31, 1, 58, 31, 1, 55, 30, 1, 51, 28, 1, 46, 26, 1, 41, 25, 1, 38, 25, 1, 36, 26, 1, 33, 27, 1, 31, 28, 1, 27, 27, 1, 24, 27, 1, 20, 28, 1, 18, 29, 1, 18, 31, 2, 17, 32, 2, 16, 32, 2, 15, 34, 2, 15, 33, 2, 15, 33, 3, 14, 31, 3, 14, 30, 4, 14, 30, 4, 14, 31, 5, 16, 32, 5, 17, 32, 5, 18, 30, 5, 18, 28, 5, 18, 26, 5, 18, 23, 5, 17, 22, 5, 18, 21, 5, 18, 20, 5, 19, 18, 5, 20, 16, 5, 20, 15, 5, 20, 13, 4, 15, 11, 2, 'N', 'N', 'N', 'N', 'N', 'N', 'N', 'N', 'N', 'N', 'N', 'N', 'N', 'N', 'N', 'N', 'N', 'N', 'N', 'N', 'N', 'N', 'N', 'N', 'N', 'N', 'N', 'N', 'N', 'N', 'N', 'N', 'N']",5,349.674,59.43,11424,0,11424,100.0,2662479,38124,2700603,58.58
,,,,,,10,392.530,66.71,11424,0,11424,100.0,3005331,38124,3043455,66.01
,,,,,,25,401.529,68.24,11424,0,11424,100.0,3077319,38124,3115443,67.57
,,,,,,50,401.342,68.21,11424,0,11424,100.0,3075825,38124,3113949,67.54
,,,,,,100,401.009,68.15,11424,0,11424,100.0,3073164,38124,3111288,67.48
,,,,,,200,400.866,68.13,11424,0,11424,100.0,3072018,38124,3110142,67.46
,,,,30,"[0, 'N', 'N', 'N', 'N', 'N', 'N', 39, 82, 3, 65, 81, 3, 68, 69, 3, 72, 61, 3, 75, 55, 3, 78, 53, 4, 75, 53, 4, 70, 57, 4, 64, 63, 5, 59, 68, 5, 55, 71, 5, 53, 72, 6, 52, 70, 6, 53, 69, 6, 54, 66, 6, 54, 63, 6, 52, 60, 6, 51, 56, 6, 49, 52, 6, 47, 49, 6, 46, 47, 6, 45, 45, 6, 44, 44, 6, 43, 44, 6, 43, 44, 6, 43, 43, 6, 43, 43, 5, 43, 42, 5, 43, 41, 5, 44, 40, 5, 44, 39, 5, 45, 38, 4, 46, 38, 4, 46, 37, 4, 46, 37, 4, 45, 37, 4, 58, 46, 3, 50, 36, 4, 'N', 'N', 'N', 'N', 'N', 'N', 'N', 'N', 'N', 'N', 'N', 'N', 'N', 'N', 'N', 'N', 'N', 'N', 'N', 'N', 'N', 'N', 'N', 'N', 'N', 'N', 'N', 'N', 'N', 'N', 'N', 'N', 'N', 'N', 'N', 'N', 'N', 'N', 'N', 'N', 'N', 'N', 'N', 'N', 'N', 'N', 'N', 'N', 'N', 'N', 'N', 'N', 'N', 'N', 'N', 'N', 'N', 'N', 'N', 'N', 'N', 'N', 'N', 'N', 'N', 'N', 'N', 'N', 'N', 'N', 'N', 'N', 'N', 'N', 'N', 'N', 'N', 'N', 14, 7, 1, 30, 53, 2, 31, 51, 2, 33, 47, 2, 35, 44, 2, 37, 40, 3, 39, 37, 3, 40, 35, 3, 39, 34, 3, 39, 34, 3, 38, 34, 3, 36, 33, 3, 34, 33, 3, 29, 31, 3, 26, 31, 3, 23, 31, 3, 23, 30, 3, 24, 29, 3, 26, 28, 4, 29, 25, 4, 31, 23, 4, 32, 20, 5, 32, 18, 5, 32, 18, 6, 31, 18, 6, 30, 18, 7, 30, 18, 7, 31, 18, 7, 31, 18, 8, 31, 18, 8, 31, 18, 8, 31, 17, 8, 29, 16, 8, 28, 15, 8, 26, 15, 8, 24, 15, 8, 22, 15, 8, 20, 15, 8, 19, 15, 7, 18, 15, 7, 17, 14, 7, 16, 13, 7, 16, 12, 7, 15, 11, 6, 14, 11, 6, 12, 10, 6, 2, 6, 7, 'N', 'N', 'N', 'N', 'N', 'N', 'N', 'N', 'N', 'N', 'N', 'N', 'N', 'N', 'N', 'N', 'N', 'N', 'N', 'N', 'N', 'N', 'N', 'N', 'N', 'N', 'N', 'N', 'N', 'N', 'N', 'N', 'N', 'N', 'N', 'N', 'N', 'N', 'N', 'N', 'N', 'N', 'N', 'N', 'N', 'N', 'N', 'N', 33, 21, 2, 59, 35, 2, 65, 36, 2, 68, 36, 2, 72, 36, 2, 76, 36, 2, 79, 36, 2, 82, 38, 2, 85, 40, 2, 88, 43, 2, 89, 45, 2, 89, 47, 2, 87, 47, 2, 82, 45, 2, 77, 42, 2, 69, 39, 2, 62, 37, 2, 57, 38, 2, 54, 40, 2, 50, 41, 2, 47, 42, 2, 41, 40, 2, 36, 40, 2, 31, 42, 2, 27, 43, 2, 27, 47, 2, 26, 48, 2, 24, 49, 3, 23, 51, 3, 22, 49, 4, 22, 49, 4, 22, 47, 5, 21, 45, 6, 21, 45, 6, 21, 46, 7, 23, 48, 7, 26, 48, 8, 27, 45, 8, 28, 42, 8, 27, 38, 8, 26, 35, 8, 26, 33, 8, 27, 31, 8, 27, 29, 8, 29, 27, 7, 29, 25, 7, 30, 22, 7, 31, 20, 7, 22, 17, 2, 'N', 'N', 'N', 'N', 'N', 'N', 'N', 'N', 'N', 'N', 'N', 'N', 'N', 'N', 'N', 'N', 'N', 'N', 'N', 'N', 'N', 'N', 'N', 'N', 'N', 'N', 'N', 'N', 'N', 'N', 'N', 'N', 'N']",5,294.630,50.07,11424,0,11424,100.0,2222127,38124,2260251,49.02
,,,,,,10,363.249,61.74,11424,0,11424,100.0,2771079,38124,2809203,60.93
,,,,,,25,395.769,67.26,11424,0,11424,100.0,3031239,38124,3069363,66.57
,,,,,,50,401.269,68.2,11424,0,11424,100.0,3075237,38124,3113361,67.53
,,,,,,100,401.009,68.15,11424,0,11424,100.0,3073164,38124,3111288,67.48
,,,,,,200,400.866,68.13,11424,0,11424,100.0,3072018,38124,3110142,67.46
