Dataset,Filename,#rows,%,Error Threshold,Window Param,Other columns - Size (data)
IRKIS,vwc_1202.dat.csv,26.305,,,
,,,0,"[0, 0, 0, 0, 0, 0, 0, 0, 0, 0, 0]",5,INT 34.33%
,,,,,10,INT 35.29%
,,,,,25,INT 36.23%
,,,,,50,INT 37.14%
,,,,,100,INT 38.03%
,,,,,200,INT 38.89%
,,,1,"[0, 0, 0, 0, 0, 0, 0, 0, 0, 0, 0]",5,INT 34.33%
,,,,,10,INT 35.29%
,,,,,25,INT 36.23%
,,,,,50,INT 37.14%
,,,,,100,INT 38.03%
,,,,,200,INT 38.89%
,,,3,"[0, 0, 1, 0, 0, 0, 0, 0, 0, 1, 0]",5,INT 37.64%
,,,,,10,INT 41.37%
,,,,,25,INT 44.90%
,,,,,50,INT 46.91%
,,,,,100,INT 48.42%
,,,,,200,INT 49.68%
,,,5,"[0, 1, 1, 1, 1, 0, 1, 1, 0, 1, 1]",5,INT 47.00%
,,,,,10,INT 64.27%
,,,,,25,INT 89.06%
,,,,,50,FLT 96.33%
,,,,,100,FLT 88.28%
,,,,,200,FLT 84.23%
,,,10,"[0, 2, 2, 1, 1, 1, 1, 1, 1, 2, 1]",5,INT 47.94%
,,,,,10,INT 73.45%
,,,,,25,FLT 71.75%
,,,,,50,FLT 46.89%
,,,,,100,FLT 34.76%
,,,,,200,FLT 29.64%
,,,15,"[0, 2, 3, 2, 2, 1, 2, 2, 1, 4, 2]",5,INT 39.24%
,,,,,10,INT 49.51%
,,,,,25,INT 78.88%
,,,,,50,FLT 84.13%
,,,,,100,FLT 58.15%
,,,,,200,FLT 45.51%
,,,20,"[0, 3, 4, 2, 3, 1, 2, 2, 2, 5, 2]",5,INT 36.75%
,,,,,10,INT 42.53%
,,,,,25,INT 58.96%
,,,,,50,INT 83.10%
,,,,,100,FLT 84.83%
,,,,,200,FLT 64.76%
,,,30,"[0, 5, 6, 3, 4, 2, 3, 3, 2, 7, 3]",5,INT 34.41%
,,,,,10,INT 35.63%
,,,,,25,INT 37.65%
,,,,,50,INT 40.63%
,,,,,100,INT 45.16%
,,,,,200,INT 51.59%
,vwc_1203.dat.csv,26.305,,,
,,,0,"[0, 0, 0, 0, 0, 'N', 0, 0, 0, 'N', 'N']",5,INT 34.33%
,,,,,10,INT 35.29%
,,,,,25,INT 36.23%
,,,,,50,INT 37.14%
,,,,,100,INT 38.03%
,,,,,200,INT 38.89%
,,,1,"[0, 0, 0, 0, 0, 'N', 0, 0, 0, 'N', 'N']",5,INT 34.33%
,,,,,10,INT 35.29%
,,,,,25,INT 36.23%
,,,,,50,INT 37.14%
,,,,,100,INT 38.03%
,,,,,200,INT 38.89%
,,,3,"[0, 1, 1, 0, 0, 'N', 1, 1, 0, 'N', 'N']",5,INT 46.30%
,,,,,10,INT 62.09%
,,,,,25,INT 79.48%
,,,,,50,INT 85.84%
,,,,,100,INT 89.62%
,,,,,200,INT 92.10%
,,,5,"[0, 1, 1, 1, 1, 'N', 2, 1, 1, 'N', 'N']",5,INT 47.66%
,,,,,10,INT 71.06%
,,,,,25,FLT 85.44%
,,,,,50,FLT 68.67%
,,,,,100,FLT 61.62%
,,,,,200,FLT 58.90%
,,,10,"[0, 3, 2, 1, 1, 'N', 3, 2, 1, 'N', 'N']",5,INT 39.06%
,,,,,10,INT 48.60%
,,,,,25,INT 73.05%
,,,,,50,INT 97.12%
,,,,,100,FLT 86.97%
,,,,,200,FLT 80.88%
,,,15,"[0, 4, 3, 2, 2, 'N', 5, 3, 2, 'N', 'N']",5,INT 34.52%
,,,,,10,INT 36.10%
,,,,,25,INT 39.52%
,,,,,50,INT 44.34%
,,,,,100,INT 50.41%
,,,,,200,INT 54.94%
,,,20,"[0, 6, 4, 3, 3, 'N', 7, 3, 2, 'N', 'N']",5,INT 34.43%
,,,,,10,INT 35.66%
,,,,,25,INT 38.01%
,,,,,50,INT 40.97%
,,,,,100,INT 45.27%
,,,,,200,INT 49.30%
,,,30,"[0, 8, 6, 4, 4, 'N', 10, 5, 3, 'N', 'N']",5,INT 34.34%
,,,,,10,INT 35.39%
,,,,,25,INT 36.85%
,,,,,50,INT 38.97%
,,,,,100,INT 41.70%
,,,,,200,INT 44.48%
,vwc_1204.dat.csv,26.305,,,
,,,0,"[0, 0, 0, 0, 0, 0, 0, 0, 0, 0, 'N']",5,INT 34.33%
,,,,,10,INT 35.29%
,,,,,25,INT 36.23%
,,,,,50,INT 37.14%
,,,,,100,INT 38.03%
,,,,,200,INT 38.89%
,,,1,"[0, 1, 0, 0, 0, 0, 1, 0, 0, 0, 'N']",5,INT 40.22%
,,,,,10,INT 46.83%
,,,,,25,INT 53.42%
,,,,,50,INT 56.28%
,,,,,100,INT 58.13%
,,,,,200,INT 59.57%
,,,3,"[0, 2, 0, 0, 1, 1, 2, 1, 0, 1, 'N']",5,INT 37.02%
,,,,,10,INT 41.05%
,,,,,25,INT 45.92%
,,,,,50,INT 49.05%
,,,,,100,INT 51.29%
,,,,,200,INT 52.92%
,,,5,"[0, 3, 1, 0, 2, 2, 4, 1, 1, 2, 'N']",5,INT 41.92%
,,,,,10,INT 53.99%
,,,,,25,INT 74.15%
,,,,,50,INT 87.52%
,,,,,100,INT 95.86%
,,,,,200,FLT 99.40%
,,,10,"[0, 6, 2, 1, 3, 3, 7, 2, 2, 3, 'N']",5,INT 36.96%
,,,,,10,INT 42.79%
,,,,,25,INT 57.40%
,,,,,50,INT 73.55%
,,,,,100,INT 90.01%
,,,,,200,FLT 98.86%
,,,15,"[0, 9, 2, 1, 5, 5, 11, 3, 2, 5, 'N']",5,INT 36.90%
,,,,,10,INT 42.57%
,,,,,25,INT 56.79%
,,,,,50,INT 73.42%
,,,,,100,INT 91.38%
,,,,,200,FLT 96.62%
,,,20,"[0, 12, 3, 2, 6, 7, 14, 4, 3, 6, 'N']",5,INT 34.44%
,,,,,10,INT 35.84%
,,,,,25,INT 38.49%
,,,,,50,INT 42.13%
,,,,,100,INT 46.33%
,,,,,200,INT 50.99%
,,,30,"[0, 18, 5, 3, 9, 10, 21, 6, 5, 10, 'N']",5,INT 34.37%
,,,,,10,INT 35.52%
,,,,,25,INT 37.09%
,,,,,50,INT 39.30%
,,,,,100,INT 42.37%
,,,,,200,INT 45.69%
,vwc_1205.dat.csv,26.305,,,
,,,0,"[0, 0, 0, 0, 'N', 'N', 0, 0, 'N', 'N', 'N']",5,INT 34.33%
,,,,,10,INT 35.29%
,,,,,25,INT 36.23%
,,,,,50,INT 37.14%
,,,,,100,INT 38.03%
,,,,,200,INT 38.89%
,,,1,"[0, 0, 0, 0, 'N', 'N', 1, 0, 'N', 'N', 'N']",5,INT 36.09%
,,,,,10,INT 38.21%
,,,,,25,INT 39.73%
,,,,,50,INT 40.77%
,,,,,100,INT 41.75%
,,,,,200,INT 42.69%
,,,3,"[0, 0, 1, 1, 'N', 'N', 2, 1, 'N', 'N', 'N']",5,INT 49.03%
,,,,,10,INT 68.93%
,,,,,25,INT 95.72%
,,,,,50,FLT 92.11%
,,,,,100,FLT 86.64%
,,,,,200,FLT 83.93%
,,,5,"[0, 1, 1, 2, 'N', 'N', 3, 1, 'N', 'N', 'N']",5,INT 43.53%
,,,,,10,INT 58.84%
,,,,,25,INT 87.36%
,,,,,50,FLT 94.25%
,,,,,100,FLT 85.68%
,,,,,200,FLT 82.28%
,,,10,"[0, 1, 3, 4, 'N', 'N', 6, 2, 'N', 'N', 'N']",5,INT 36.76%
,,,,,10,INT 41.93%
,,,,,25,INT 51.73%
,,,,,50,INT 59.73%
,,,,,100,INT 65.37%
,,,,,200,INT 68.95%
,,,15,"[0, 2, 4, 6, 'N', 'N', 9, 3, 'N', 'N', 'N']",5,INT 34.57%
,,,,,10,INT 36.02%
,,,,,25,INT 38.68%
,,,,,50,INT 41.52%
,,,,,100,INT 44.82%
,,,,,200,INT 46.72%
,,,20,"[0, 2, 5, 7, 'N', 'N', 12, 4, 'N', 'N', 'N']",5,INT 34.55%
,,,,,10,INT 35.99%
,,,,,25,INT 38.43%
,,,,,50,INT 41.37%
,,,,,100,INT 44.65%
,,,,,200,INT 47.26%
,,,30,"[0, 3, 8, 11, 'N', 'N', 18, 6, 'N', 'N', 'N']",5,INT 34.46%
,,,,,10,INT 35.66%
,,,,,25,INT 37.29%
,,,,,50,INT 39.36%
,,,,,100,INT 41.15%
,,,,,200,INT 42.90%
,vwc_222.smet.csv,26.304,,,
,,,0,"[0, 0, 0, 0, 0, 0, 0, 0, 0, 0, 0]",5,INT 34.33%
,,,,,10,INT 35.29%
,,,,,25,INT 36.23%
,,,,,50,INT 37.14%
,,,,,100,INT 38.03%
,,,,,200,INT 38.89%
,,,1,"[0, 0, 0, 0, 0, 0, 0, 0, 0, 0, 0]",5,INT 34.33%
,,,,,10,INT 35.29%
,,,,,25,INT 36.23%
,,,,,50,INT 37.14%
,,,,,100,INT 38.03%
,,,,,200,INT 38.89%
,,,3,"[0, 1, 0, 1, 1, 0, 1, 0, 1, 1, 0]",5,INT 42.27%
,,,,,10,INT 52.51%
,,,,,25,INT 64.91%
,,,,,50,INT 70.94%
,,,,,100,INT 74.40%
,,,,,200,INT 76.71%
,,,5,"[0, 1, 1, 1, 1, 1, 1, 1, 1, 1, 1]",5,INT 49.55%
,,,,,10,INT 76.10%
,,,,,25,FLT 75.36%
,,,,,50,FLT 57.00%
,,,,,100,FLT 49.15%
,,,,,200,FLT 45.84%
,,,10,"[0, 2, 1, 2, 3, 2, 2, 2, 2, 3, 1]",5,INT 37.63%
,,,,,10,INT 45.04%
,,,,,25,INT 65.11%
,,,,,50,INT 89.80%
,,,,,100,FLT 86.73%
,,,,,200,FLT 75.49%
,,,15,"[0, 3, 2, 3, 4, 2, 3, 2, 3, 4, 2]",5,INT 34.58%
,,,,,10,INT 36.27%
,,,,,25,INT 40.41%
,,,,,50,INT 47.42%
,,,,,100,INT 56.78%
,,,,,200,INT 65.59%
,,,20,"[0, 4, 3, 4, 5, 3, 4, 3, 4, 5, 2]",5,INT 34.41%
,,,,,10,INT 35.67%
,,,,,25,INT 37.95%
,,,,,50,INT 41.87%
,,,,,100,INT 47.48%
,,,,,200,INT 54.09%
,,,30,"[0, 6, 4, 5, 8, 5, 7, 5, 6, 8, 3]",5,INT 34.35%
,,,,,10,INT 35.39%
,,,,,25,INT 36.69%
,,,,,50,INT 38.49%
,,,,,100,INT 41.13%
,,,,,200,INT 45.06%
,vwc_333.smet.csv,26.088,,,
,,,0,"[0, 0, 0, 0, 0, 0, 0, 0, 0, 0, 0]",5,INT 34.33%
,,,,,10,INT 35.29%
,,,,,25,INT 36.23%
,,,,,50,INT 37.14%
,,,,,100,INT 38.03%
,,,,,200,INT 38.89%
,,,1,"[0, 1, 0, 0, 1, 0, 0, 0, 0, 1, 1]",5,INT 39.61%
,,,,,10,INT 46.31%
,,,,,25,INT 53.79%
,,,,,50,INT 57.49%
,,,,,100,INT 59.92%
,,,,,200,INT 61.67%
,,,3,"[0, 2, 0, 0, 2, 1, 1, 0, 0, 2, 3]",5,INT 36.55%
,,,,,10,INT 40.46%
,,,,,25,INT 45.97%
,,,,,50,INT 49.51%
,,,,,100,INT 51.97%
,,,,,200,INT 53.76%
,,,5,"[0, 4, 1, 0, 3, 2, 2, 0, 1, 3, 5]",5,INT 37.46%
,,,,,10,INT 43.35%
,,,,,25,INT 54.22%
,,,,,50,INT 62.77%
,,,,,100,INT 68.88%
,,,,,200,INT 72.69%
,,,10,"[0, 8, 1, 1, 5, 3, 5, 1, 1, 5, 11]",5,INT 39.58%
,,,,,10,INT 49.98%
,,,,,25,INT 77.00%
,,,,,50,FLT 91.77%
,,,,,100,FLT 70.90%
,,,,,200,FLT 61.09%
,,,15,"[0, 12, 2, 1, 8, 5, 7, 1, 2, 8, 16]",5,INT 36.47%
,,,,,10,INT 41.48%
,,,,,25,INT 55.36%
,,,,,50,INT 74.90%
,,,,,100,FLT 99.82%
,,,,,200,FLT 81.40%
,,,20,"[0, 16, 2, 2, 10, 7, 10, 2, 3, 10, 21]",5,INT 34.41%
,,,,,10,INT 35.60%
,,,,,25,INT 37.72%
,,,,,50,INT 41.31%
,,,,,100,INT 47.50%
,,,,,200,INT 54.56%
,,,30,"[0, 24, 3, 3, 15, 10, 15, 3, 4, 16, 32]",5,INT 34.35%
,,,,,10,INT 35.41%
,,,,,25,INT 36.77%
,,,,,50,INT 38.64%
,,,,,100,INT 41.32%
,,,,,200,INT 45.15%
,vwc_SLF2.smet.csv,26.305,,,
,,,0,"[0, 0, 0, 0, 0, 0, 0, 0, 0, 0, 0]",5,INT 34.33%
,,,,,10,INT 35.29%
,,,,,25,INT 36.23%
,,,,,50,INT 37.14%
,,,,,100,INT 38.03%
,,,,,200,INT 38.89%
,,,1,"[0, 0, 0, 0, 0, 0, 0, 0, 0, 0, 0]",5,INT 34.33%
,,,,,10,INT 35.29%
,,,,,25,INT 36.23%
,,,,,50,INT 37.14%
,,,,,100,INT 38.03%
,,,,,200,INT 38.89%
,,,3,"[0, 1, 0, 0, 0, 0, 1, 1, 0, 0, 0]",5,INT 38.16%
,,,,,10,INT 43.67%
,,,,,25,INT 49.90%
,,,,,50,INT 52.91%
,,,,,100,INT 54.85%
,,,,,200,INT 56.31%
,,,5,"[0, 2, 1, 1, 0, 1, 2, 1, 1, 0, 0]",5,INT 38.78%
,,,,,10,INT 45.95%
,,,,,25,INT 58.55%
,,,,,50,INT 67.48%
,,,,,100,INT 73.45%
,,,,,200,INT 76.94%
,,,10,"[0, 4, 1, 2, 1, 1, 3, 2, 1, 1, 1]",5,INT 40.06%
,,,,,10,INT 51.33%
,,,,,25,INT 82.77%
,,,,,50,FLT 81.20%
,,,,,100,FLT 59.96%
,,,,,200,FLT 50.67%
,,,15,"[0, 6, 2, 2, 1, 2, 5, 3, 2, 1, 1]",5,INT 37.72%
,,,,,10,INT 44.98%
,,,,,25,INT 65.52%
,,,,,50,INT 94.21%
,,,,,100,FLT 77.04%
,,,,,200,FLT 62.27%
,,,20,"[0, 8, 2, 3, 2, 3, 7, 4, 2, 2, 1]",5,INT 35.48%
,,,,,10,INT 38.66%
,,,,,25,INT 47.04%
,,,,,50,INT 60.08%
,,,,,100,INT 78.68%
,,,,,200,INT 99.31%
,,,30,"[0, 12, 3, 5, 2, 4, 10, 6, 4, 3, 2]",5,INT 34.36%
,,,,,10,INT 35.45%
,,,,,25,INT 37.08%
,,,,,50,INT 39.41%
,,,,,100,INT 43.49%
,,,,,200,INT 49.29%
NOAA-SST,noaa-buoy-201701.csv,4.392,,,
,,,0,"[0, 0, 0, 0, 0, 0, 0, 'N', 0, 'N', 'N', 0, 0, 'N', 0, 0, 'N', 0, 0, 0, 0, 0, 0, 0, 'N', 0, 'N', 0, 0, 0, 0, 0, 'N', 0, 0, 0, 0, 'N', 0, 0, 'N', 'N', 0, 'N', 'N', 'N', 0, 0, 'N', 0, 0, 0, 0, 0, 'N', 0]",5,INT 52.24%
,,,,,10,INT 52.94%
,,,,,25,INT 53.63%
,,,,,50,INT 54.29%
,,,,,100,INT 54.93%
,,,,,200,INT 55.56%
,,,1,"[0, 10, 10, 8, 11, 10, 10, 'N', 17, 'N', 'N', 1, 7, 'N', 12, 6, 'N', 10, 13, 1, 16, 18, 12, 9, 'N', 18, 'N', 10, 5, 20, 3, 12, 'N', 1, 12, 14, 12, 'N', 12, 1, 'N', 'N', 14, 'N', 'N', 'N', 1, 7, 'N', 11, 7, 45, 21, 56, 'N', 12]",5,INT 54.36%
,,,,,10,INT 56.87%
,,,,,25,INT 58.84%
,,,,,50,INT 59.78%
,,,,,100,INT 60.52%
,,,,,200,INT 61.21%
,,,3,"[0, 30, 30, 24, 33, 31, 29, 'N', 51, 'N', 'N', 3, 22, 'N', 36, 18, 'N', 31, 39, 2, 47, 54, 35, 26, 'N', 54, 'N', 31, 14, 60, 9, 37, 'N', 4, 35, 42, 37, 'N', 36, 4, 'N', 'N', 43, 'N', 'N', 'N', 3, 21, 'N', 32, 21, 134, 62, 167, 'N', 36]",5,INT 53.09%
,,,,,10,INT 54.82%
,,,,,25,INT 56.97%
,,,,,50,INT 58.44%
,,,,,100,INT 59.38%
,,,,,200,INT 60.09%
,,,5,"[0, 50, 50, 41, 55, 52, 48, 'N', 85, 'N', 'N', 5, 36, 'N', 61, 31, 'N', 51, 65, 4, 79, 89, 58, 43, 'N', 89, 'N', 52, 23, 101, 15, 62, 'N', 7, 58, 69, 62, 'N', 60, 7, 'N', 'N', 72, 'N', 'N', 'N', 5, 34, 'N', 53, 35, 223, 104, 279, 'N', 61]",5,INT 52.64%
,,,,,10,INT 54.13%
,,,,,25,INT 56.30%
,,,,,50,INT 57.98%
,,,,,100,INT 59.10%
,,,,,200,INT 59.92%
,,,10,"[0, 101, 100, 81, 111, 104, 95, 'N', 170, 'N', 'N', 11, 72, 'N', 122, 61, 'N', 103, 130, 7, 158, 179, 116, 86, 'N', 179, 'N', 103, 47, 201, 30, 124, 'N', 14, 116, 139, 125, 'N', 119, 14, 'N', 'N', 144, 'N', 'N', 'N', 9, 69, 'N', 106, 70, 447, 207, 558, 'N', 121]",5,INT 52.33%
,,,,,10,INT 53.26%
,,,,,25,INT 54.68%
,,,,,50,INT 56.32%
,,,,,100,INT 57.67%
,,,,,200,INT 58.68%
,,,15,"[0, 151, 149, 122, 166, 156, 143, 'N', 255, 'N', 'N', 16, 108, 'N', 182, 92, 'N', 154, 195, 11, 237, 268, 174, 129, 'N', 268, 'N', 155, 70, 302, 45, 186, 'N', 21, 173, 208, 187, 'N', 179, 21, 'N', 'N', 216, 'N', 'N', 'N', 14, 103, 'N', 159, 106, 670, 311, 837, 'N', 182]",5,INT 52.27%
,,,,,10,INT 53.07%
,,,,,25,INT 53.96%
,,,,,50,INT 54.91%
,,,,,100,INT 55.90%
,,,,,200,INT 56.74%
,,,20,"[0, 201, 199, 163, 221, 208, 190, 'N', 339, 'N', 'N', 21, 143, 'N', 243, 123, 'N', 206, 260, 15, 316, 357, 232, 172, 'N', 358, 'N', 207, 93, 403, 60, 248, 'N', 28, 231, 278, 250, 'N', 238, 29, 'N', 'N', 288, 'N', 'N', 'N', 19, 137, 'N', 212, 141, 894, 414, 1117, 'N', 242]",5,INT 52.25%
,,,,,10,INT 52.98%
,,,,,25,INT 53.74%
,,,,,50,INT 54.67%
,,,,,100,INT 55.61%
,,,,,200,INT 56.59%
,,,30,"[0, 302, 299, 244, 332, 313, 286, 'N', 509, 'N', 'N', 32, 215, 'N', 365, 184, 'N', 308, 390, 22, 474, 536, 347, 258, 'N', 536, 'N', 310, 140, 604, 89, 372, 'N', 42, 347, 417, 375, 'N', 357, 43, 'N', 'N', 432, 'N', 'N', 'N', 28, 206, 'N', 318, 211, 1341, 622, 1675, 'N', 364]",5,INT 52.24%
,,,,,10,INT 52.94%
,,,,,25,INT 53.65%
,,,,,50,INT 54.33%
,,,,,100,INT 55.05%
,,,,,200,INT 55.73%
,noaa-buoy-201702.csv,3.984,,,
,,,0,"[0, 0, 0, 0, 0, 0, 0, 'N', 0, 'N', 0, 0, 0, 'N', 0, 'N', 'N', 0, 0, 0, 0, 0, 0, 0, 'N', 'N', 0, 0, 0, 0, 0, 0, 'N', 'N', 0, 0, 0, 'N', 0, 0, 'N', 'N', 0, 'N', 'N', 'N', 0, 0, 'N', 0, 0, 0, 0, 0, 'N', 0]",5,INT 52.24%
,,,,,10,INT 52.94%
,,,,,25,INT 53.62%
,,,,,50,INT 54.29%
,,,,,100,INT 54.93%
,,,,,200,INT 55.56%
,,,1,"[0, 10, 9, 5, 9, 32, 8, 'N', 13, 'N', 14, 7, 8, 'N', 1, 'N', 'N', 11, 7, 8, 12, 49, 13, 6, 'N', 'N', 13, 11, 15, 20, 7, 2, 'N', 'N', 13, 12, 24, 'N', 12, 8, 'N', 'N', 1, 'N', 'N', 'N', 5, 6, 'N', 5, 9, 32, 11, 31, 'N', 11]",5,INT 54.53%
,,,,,10,INT 56.62%
,,,,,25,INT 58.29%
,,,,,50,INT 59.10%
,,,,,100,INT 59.84%
,,,,,200,INT 60.53%
,,,3,"[0, 31, 28, 16, 28, 97, 25, 'N', 38, 'N', 42, 20, 25, 'N', 4, 'N', 'N', 34, 21, 25, 35, 147, 38, 18, 'N', 'N', 40, 33, 46, 59, 22, 5, 'N', 'N', 39, 37, 72, 'N', 35, 25, 'N', 'N', 2, 'N', 'N', 'N', 14, 18, 'N', 14, 28, 96, 32, 94, 'N', 34]",5,INT 53.06%
,,,,,10,INT 54.82%
,,,,,25,INT 56.59%
,,,,,50,INT 57.66%
,,,,,100,INT 58.38%
,,,,,200,INT 59.08%
,,,5,"[0, 51, 47, 27, 46, 162, 41, 'N', 64, 'N', 71, 34, 41, 'N', 7, 'N', 'N', 57, 35, 42, 59, 244, 63, 30, 'N', 'N', 66, 55, 76, 98, 36, 8, 'N', 'N', 66, 62, 120, 'N', 58, 42, 'N', 'N', 4, 'N', 'N', 'N', 23, 30, 'N', 23, 47, 160, 53, 156, 'N', 57]",5,INT 52.65%
,,,,,10,INT 53.95%
,,,,,25,INT 55.72%
,,,,,50,INT 56.93%
,,,,,100,INT 57.83%
,,,,,200,INT 58.52%
,,,10,"[0, 103, 93, 53, 92, 323, 82, 'N', 128, 'N', 142, 68, 83, 'N', 13, 'N', 'N', 114, 71, 83, 118, 489, 126, 60, 'N', 'N', 132, 110, 153, 196, 73, 17, 'N', 'N', 131, 124, 241, 'N', 115, 85, 'N', 'N', 8, 'N', 'N', 'N', 47, 60, 'N', 46, 95, 319, 107, 312, 'N', 113]",5,INT 52.32%
,,,,,10,INT 53.24%
,,,,,25,INT 54.37%
,,,,,50,INT 55.47%
,,,,,100,INT 56.48%
,,,,,200,INT 57.24%
,,,15,"[0, 154, 140, 80, 138, 485, 124, 'N', 192, 'N', 212, 102, 124, 'N', 20, 'N', 'N', 171, 106, 125, 177, 733, 190, 89, 'N', 'N', 198, 165, 229, 294, 109, 25, 'N', 'N', 197, 186, 361, 'N', 173, 127, 'N', 'N', 12, 'N', 'N', 'N', 70, 90, 'N', 68, 142, 479, 160, 468, 'N', 170]",5,INT 52.28%
,,,,,10,INT 53.06%
,,,,,25,INT 54.06%
,,,,,50,INT 55.07%
,,,,,100,INT 55.96%
,,,,,200,INT 56.79%
,,,20,"[0, 205, 186, 107, 184, 647, 165, 'N', 256, 'N', 283, 136, 165, 'N', 26, 'N', 'N', 228, 142, 166, 236, 978, 253, 119, 'N', 'N', 264, 220, 306, 392, 146, 33, 'N', 'N', 263, 248, 481, 'N', 230, 170, 'N', 'N', 16, 'N', 'N', 'N', 93, 120, 'N', 91, 190, 638, 213, 624, 'N', 226]",5,INT 52.25%
,,,,,10,INT 52.99%
,,,,,25,INT 53.75%
,,,,,50,INT 54.55%
,,,,,100,INT 55.33%
,,,,,200,INT 56.14%
,,,30,"[0, 308, 280, 160, 277, 970, 247, 'N', 384, 'N', 425, 204, 248, 'N', 39, 'N', 'N', 343, 213, 249, 354, 1467, 379, 179, 'N', 'N', 396, 330, 458, 588, 218, 50, 'N', 'N', 394, 372, 722, 'N', 345, 254, 'N', 'N', 23, 'N', 'N', 'N', 140, 180, 'N', 137, 285, 957, 320, 936, 'N', 339]",5,INT 52.24%
,,,,,10,INT 52.95%
,,,,,25,INT 53.70%
,,,,,50,INT 54.42%
,,,,,100,INT 55.06%
,,,,,200,INT 55.96%
NOAA-ADCP,noaa-adcp-201501.csv,744,,,
,,,0,"[0, 'N', 'N', 'N', 'N', 'N', 'N', 0, 0, 0, 0, 0, 0, 0, 0, 0, 0, 0, 0, 0, 0, 0, 0, 0, 0, 0, 0, 0, 0, 0, 0, 0, 0, 0, 0, 0, 0, 0, 0, 0, 0, 0, 0, 0, 0, 0, 0, 0, 0, 0, 0, 0, 0, 0, 0, 0, 0, 0, 0, 0, 0, 0, 0, 0, 0, 0, 0, 0, 0, 0, 0, 0, 0, 0, 0, 0, 0, 0, 0, 0, 0, 0, 0, 0, 0, 0, 0, 0, 0, 0, 0, 0, 0, 0, 0, 0, 0, 0, 0, 0, 0, 0, 0, 0, 0, 0, 0, 0, 0, 0, 0, 0, 0, 0, 0, 0, 0, 0, 0, 0, 0, 0, 0, 0, 'N', 'N', 'N', 'N', 'N', 'N', 'N', 'N', 'N', 'N', 'N', 'N', 'N', 'N', 'N', 'N', 'N', 'N', 'N', 'N', 'N', 'N', 'N', 'N', 'N', 'N', 'N', 'N', 'N', 'N', 'N', 'N', 'N', 'N', 'N', 'N', 'N', 'N', 'N', 'N', 'N', 'N', 'N', 'N', 'N', 'N', 'N', 'N', 'N', 'N', 'N', 'N', 'N', 'N', 'N', 'N', 'N', 'N', 'N', 'N', 'N', 'N', 'N', 'N', 'N', 'N', 'N', 'N', 'N', 'N', 'N', 'N', 'N', 'N', 'N', 0, 0, 0, 0, 0, 0, 0, 0, 0, 0, 0, 0, 0, 0, 0, 0, 0, 0, 0, 0, 0, 0, 0, 0, 0, 0, 0, 0, 0, 0, 0, 0, 0, 0, 0, 0, 0, 0, 0, 0, 0, 0, 0, 0, 0, 0, 0, 0, 0, 0, 0, 0, 0, 0, 0, 0, 0, 0, 0, 0, 0, 0, 0, 0, 0, 0, 0, 0, 0, 0, 0, 0, 0, 0, 0, 0, 0, 0, 0, 0, 0, 0, 0, 0, 0, 0, 0, 0, 0, 0, 0, 0, 0, 0, 0, 0, 0, 0, 0, 0, 0, 0, 0, 0, 0, 0, 0, 0, 0, 0, 0, 0, 0, 0, 0, 0, 0, 0, 0, 0, 0, 0, 0, 0, 0, 0, 0, 0, 0, 0, 0, 0, 0, 0, 0, 0, 0, 0, 0, 0, 0, 0, 0, 0, 0, 0, 0, 0, 0, 0, 0, 0, 0, 'N', 'N', 'N', 'N', 'N', 'N', 'N', 'N', 'N', 'N', 'N', 'N', 'N', 'N', 'N', 'N', 'N', 'N', 'N', 'N', 'N', 'N', 'N', 'N', 'N', 'N', 'N', 'N', 'N', 'N', 'N', 'N', 'N', 'N', 'N', 'N', 0, 0, 0, 0, 0, 0, 0, 0, 0, 0, 0, 0, 0, 0, 0, 0, 0, 0, 0, 0, 0, 0, 0, 0, 0, 0, 0, 0, 0, 0, 0, 0, 0, 0, 0, 0, 0, 0, 0, 0, 0, 0, 0, 0, 0, 0, 0, 0, 0, 0, 0, 0, 0, 0, 0, 0, 0, 0, 0, 0, 0, 0, 0, 0, 0, 0, 0, 0, 0, 0, 0, 0, 0, 0, 0, 0, 0, 0, 0, 0, 0, 0, 0, 0, 0, 0, 0, 0, 0, 0, 0, 0, 0, 0, 0, 0, 0, 0, 0, 0, 0, 0, 0, 0, 0, 0, 0, 0, 0, 0, 0, 0, 0, 0, 0, 0, 0, 0, 0, 0, 0, 0, 0, 0, 0, 0, 0, 0, 0, 0, 0, 0, 0, 0, 0, 0, 0, 0, 0, 0, 0, 0, 0, 0, 0, 0, 0, 0, 0, 0, 0, 0, 0, 0, 0, 0, 0, 0, 0, 'N', 'N', 'N', 'N', 'N', 'N', 'N', 'N', 'N', 'N', 'N', 'N', 'N', 'N', 'N', 'N', 'N', 'N', 'N', 'N', 'N']",5,INT 40.30%
,,,,,10,INT 41.18%
,,,,,25,INT 42.04%
,,,,,50,INT 42.87%
,,,,,100,INT 43.67%
,,,,,200,INT 44.46%
,,,1,"[0, 'N', 'N', 'N', 'N', 'N', 'N', 2, 2, 0, 3, 2, 0, 3, 2, 0, 3, 2, 0, 3, 2, 0, 3, 2, 0, 2, 2, 0, 2, 2, 0, 2, 2, 0, 2, 2, 0, 2, 2, 0, 1, 2, 0, 1, 2, 0, 1, 2, 0, 1, 2, 0, 1, 2, 0, 1, 2, 0, 1, 2, 0, 1, 2, 0, 1, 2, 0, 1, 2, 0, 1, 2, 0, 2, 2, 0, 2, 1, 0, 2, 1, 0, 2, 1, 0, 2, 1, 0, 2, 1, 0, 2, 1, 0, 2, 1, 0, 1, 1, 0, 1, 1, 0, 1, 1, 0, 1, 1, 0, 1, 1, 0, 1, 1, 0, 1, 1, 0, 0, 1, 0, 0, 0, 0, 'N', 'N', 'N', 'N', 'N', 'N', 'N', 'N', 'N', 'N', 'N', 'N', 'N', 'N', 'N', 'N', 'N', 'N', 'N', 'N', 'N', 'N', 'N', 'N', 'N', 'N', 'N', 'N', 'N', 'N', 'N', 'N', 'N', 'N', 'N', 'N', 'N', 'N', 'N', 'N', 'N', 'N', 'N', 'N', 'N', 'N', 'N', 'N', 'N', 'N', 'N', 'N', 'N', 'N', 'N', 'N', 'N', 'N', 'N', 'N', 'N', 'N', 'N', 'N', 'N', 'N', 'N', 'N', 'N', 'N', 'N', 'N', 'N', 'N', 'N', 2, 2, 0, 2, 2, 0, 2, 2, 0, 2, 2, 0, 2, 2, 0, 2, 2, 0, 2, 1, 0, 2, 1, 0, 2, 1, 0, 2, 1, 0, 2, 1, 0, 1, 1, 0, 1, 1, 0, 1, 1, 0, 1, 1, 0, 1, 1, 0, 1, 1, 0, 1, 1, 0, 1, 1, 0, 1, 1, 0, 1, 1, 0, 1, 1, 0, 1, 1, 0, 1, 1, 0, 1, 1, 0, 1, 1, 0, 1, 1, 0, 1, 1, 0, 1, 1, 0, 1, 1, 0, 1, 1, 0, 1, 1, 0, 1, 1, 0, 1, 1, 0, 1, 1, 0, 1, 1, 0, 1, 1, 0, 1, 1, 0, 1, 1, 0, 1, 1, 0, 1, 0, 0, 1, 0, 0, 1, 0, 0, 0, 0, 0, 0, 0, 0, 0, 0, 0, 0, 1, 0, 0, 0, 0, 0, 1, 0, 0, 0, 0, 0, 0, 0, 'N', 'N', 'N', 'N', 'N', 'N', 'N', 'N', 'N', 'N', 'N', 'N', 'N', 'N', 'N', 'N', 'N', 'N', 'N', 'N', 'N', 'N', 'N', 'N', 'N', 'N', 'N', 'N', 'N', 'N', 'N', 'N', 'N', 'N', 'N', 'N', 2, 1, 0, 2, 1, 0, 3, 1, 0, 3, 1, 0, 3, 1, 0, 3, 1, 0, 2, 1, 0, 2, 1, 0, 2, 1, 0, 2, 1, 0, 2, 1, 0, 2, 2, 0, 2, 2, 0, 2, 2, 0, 3, 2, 0, 3, 2, 0, 3, 2, 0, 3, 2, 0, 2, 2, 0, 2, 2, 0, 2, 2, 0, 2, 2, 0, 2, 2, 0, 1, 2, 0, 1, 2, 0, 1, 2, 0, 1, 1, 0, 1, 1, 0, 1, 1, 0, 1, 1, 0, 1, 1, 0, 1, 1, 0, 1, 1, 0, 1, 1, 0, 1, 1, 0, 1, 1, 0, 1, 1, 0, 1, 1, 0, 1, 1, 0, 1, 1, 0, 1, 1, 0, 1, 1, 0, 1, 1, 0, 1, 1, 0, 1, 1, 0, 1, 1, 0, 1, 1, 0, 1, 1, 0, 1, 1, 0, 1, 1, 0, 1, 1, 0, 1, 0, 0, 0, 0, 0, 'N', 'N', 'N', 'N', 'N', 'N', 'N', 'N', 'N', 'N', 'N', 'N', 'N', 'N', 'N', 'N', 'N', 'N', 'N', 'N', 'N']",5,INT 40.96%
,,,,,10,INT 41.86%
,,,,,25,INT 42.73%
,,,,,50,INT 43.57%
,,,,,100,INT 44.39%
,,,,,200,INT 45.19%
,,,3,"[0, 'N', 'N', 'N', 'N', 'N', 'N', 7, 6, 0, 8, 5, 0, 9, 5, 0, 9, 5, 0, 9, 5, 0, 9, 5, 0, 7, 5, 0, 6, 5, 0, 5, 5, 0, 5, 5, 0, 5, 5, 0, 4, 5, 0, 4, 5, 1, 4, 5, 1, 3, 5, 1, 3, 5, 1, 3, 5, 1, 3, 5, 1, 3, 5, 1, 4, 5, 1, 4, 5, 1, 4, 5, 1, 5, 5, 1, 5, 4, 1, 5, 4, 1, 5, 4, 1, 5, 4, 1, 5, 4, 1, 5, 4, 1, 5, 4, 1, 4, 4, 1, 4, 4, 1, 3, 3, 1, 3, 3, 0, 3, 3, 0, 2, 3, 0, 2, 3, 1, 1, 2, 1, 0, 0, 0, 'N', 'N', 'N', 'N', 'N', 'N', 'N', 'N', 'N', 'N', 'N', 'N', 'N', 'N', 'N', 'N', 'N', 'N', 'N', 'N', 'N', 'N', 'N', 'N', 'N', 'N', 'N', 'N', 'N', 'N', 'N', 'N', 'N', 'N', 'N', 'N', 'N', 'N', 'N', 'N', 'N', 'N', 'N', 'N', 'N', 'N', 'N', 'N', 'N', 'N', 'N', 'N', 'N', 'N', 'N', 'N', 'N', 'N', 'N', 'N', 'N', 'N', 'N', 'N', 'N', 'N', 'N', 'N', 'N', 'N', 'N', 'N', 'N', 'N', 'N', 6, 6, 0, 6, 6, 0, 6, 6, 0, 6, 6, 0, 6, 5, 0, 6, 5, 0, 6, 4, 0, 6, 4, 0, 5, 4, 0, 5, 3, 0, 5, 3, 0, 4, 2, 0, 4, 2, 0, 3, 2, 0, 3, 2, 0, 3, 2, 0, 3, 2, 1, 3, 2, 1, 3, 2, 1, 3, 2, 1, 3, 2, 1, 3, 2, 1, 3, 2, 1, 2, 2, 1, 2, 2, 1, 2, 2, 1, 2, 2, 1, 2, 2, 1, 2, 2, 1, 2, 2, 1, 2, 2, 1, 2, 2, 1, 2, 2, 1, 2, 2, 1, 2, 2, 1, 2, 2, 1, 2, 2, 1, 2, 2, 1, 2, 2, 1, 2, 2, 1, 2, 1, 1, 2, 1, 1, 2, 1, 1, 1, 1, 1, 1, 1, 1, 1, 1, 1, 1, 2, 1, 1, 1, 1, 1, 2, 0, 0, 1, 0, 0, 0, 0, 'N', 'N', 'N', 'N', 'N', 'N', 'N', 'N', 'N', 'N', 'N', 'N', 'N', 'N', 'N', 'N', 'N', 'N', 'N', 'N', 'N', 'N', 'N', 'N', 'N', 'N', 'N', 'N', 'N', 'N', 'N', 'N', 'N', 'N', 'N', 'N', 7, 4, 0, 7, 4, 0, 8, 4, 0, 8, 4, 0, 8, 3, 0, 8, 3, 0, 7, 4, 0, 7, 4, 0, 7, 4, 0, 7, 4, 0, 7, 4, 0, 7, 5, 0, 7, 5, 0, 7, 5, 0, 8, 5, 0, 8, 5, 0, 8, 5, 0, 8, 5, 0, 7, 5, 0, 7, 5, 0, 6, 6, 0, 5, 6, 0, 5, 6, 0, 4, 6, 0, 4, 5, 0, 4, 5, 0, 3, 4, 0, 3, 4, 0, 3, 4, 0, 2, 4, 0, 2, 4, 1, 2, 4, 1, 2, 4, 1, 2, 4, 1, 3, 4, 1, 3, 3, 1, 3, 3, 1, 3, 3, 1, 3, 3, 1, 3, 3, 1, 3, 3, 1, 3, 3, 1, 3, 3, 1, 3, 2, 1, 3, 2, 1, 3, 2, 1, 3, 2, 1, 3, 2, 1, 3, 2, 1, 3, 2, 1, 3, 2, 0, 2, 1, 0, 0, 0, 0, 'N', 'N', 'N', 'N', 'N', 'N', 'N', 'N', 'N', 'N', 'N', 'N', 'N', 'N', 'N', 'N', 'N', 'N', 'N', 'N', 'N']",5,INT 41.81%
,,,,,10,INT 42.74%
,,,,,25,INT 43.63%
,,,,,50,INT 44.49%
,,,,,100,INT 45.33%
,,,,,200,INT 46.14%
,,,5,"[0, 'N', 'N', 'N', 'N', 'N', 'N', 12, 9, 0, 14, 8, 0, 15, 8, 0, 16, 8, 0, 15, 8, 0, 15, 9, 0, 12, 9, 0, 11, 9, 0, 9, 9, 1, 8, 9, 1, 8, 8, 1, 7, 8, 1, 7, 8, 1, 6, 8, 1, 6, 8, 1, 5, 8, 1, 5, 8, 1, 5, 8, 1, 6, 8, 1, 6, 8, 1, 7, 8, 1, 7, 8, 1, 8, 8, 1, 8, 7, 1, 8, 7, 1, 9, 7, 1, 9, 7, 1, 9, 7, 1, 8, 6, 1, 8, 6, 1, 7, 6, 1, 6, 6, 1, 5, 6, 1, 5, 5, 1, 4, 5, 1, 4, 5, 1, 4, 4, 1, 2, 3, 1, 0, 0, 0, 'N', 'N', 'N', 'N', 'N', 'N', 'N', 'N', 'N', 'N', 'N', 'N', 'N', 'N', 'N', 'N', 'N', 'N', 'N', 'N', 'N', 'N', 'N', 'N', 'N', 'N', 'N', 'N', 'N', 'N', 'N', 'N', 'N', 'N', 'N', 'N', 'N', 'N', 'N', 'N', 'N', 'N', 'N', 'N', 'N', 'N', 'N', 'N', 'N', 'N', 'N', 'N', 'N', 'N', 'N', 'N', 'N', 'N', 'N', 'N', 'N', 'N', 'N', 'N', 'N', 'N', 'N', 'N', 'N', 'N', 'N', 'N', 'N', 'N', 'N', 10, 10, 0, 10, 10, 0, 10, 10, 0, 10, 9, 0, 10, 9, 0, 10, 8, 0, 10, 7, 1, 10, 7, 1, 9, 6, 1, 8, 5, 1, 8, 5, 1, 7, 4, 1, 6, 4, 1, 5, 4, 1, 5, 4, 1, 5, 4, 1, 5, 4, 1, 5, 3, 1, 5, 3, 1, 4, 3, 1, 4, 3, 1, 4, 3, 1, 4, 3, 1, 4, 3, 1, 4, 3, 1, 4, 3, 1, 4, 3, 1, 4, 3, 1, 4, 3, 1, 4, 3, 1, 4, 3, 1, 4, 3, 1, 4, 3, 1, 4, 3, 1, 4, 3, 1, 4, 3, 1, 4, 3, 1, 4, 3, 1, 3, 3, 1, 3, 3, 1, 3, 2, 1, 3, 2, 1, 3, 2, 1, 2, 2, 1, 2, 2, 1, 2, 2, 1, 2, 3, 1, 2, 2, 1, 2, 3, 1, 1, 1, 0, 0, 1, 0, 'N', 'N', 'N', 'N', 'N', 'N', 'N', 'N', 'N', 'N', 'N', 'N', 'N', 'N', 'N', 'N', 'N', 'N', 'N', 'N', 'N', 'N', 'N', 'N', 'N', 'N', 'N', 'N', 'N', 'N', 'N', 'N', 'N', 'N', 'N', 'N', 11, 7, 1, 12, 6, 0, 13, 6, 0, 13, 6, 0, 13, 6, 0, 13, 6, 0, 12, 6, 0, 12, 6, 0, 11, 6, 0, 11, 7, 0, 11, 7, 0, 11, 8, 0, 12, 8, 0, 12, 8, 0, 13, 8, 0, 13, 8, 0, 13, 8, 0, 13, 8, 0, 12, 8, 0, 11, 9, 0, 10, 10, 0, 9, 10, 0, 8, 10, 0, 7, 10, 0, 6, 9, 0, 6, 8, 1, 5, 7, 1, 5, 7, 1, 4, 7, 1, 4, 7, 1, 4, 7, 1, 4, 7, 1, 4, 7, 1, 4, 6, 1, 4, 6, 1, 4, 6, 1, 5, 6, 1, 5, 5, 1, 5, 5, 1, 5, 5, 1, 5, 5, 1, 5, 4, 1, 5, 4, 1, 5, 4, 1, 6, 4, 1, 6, 4, 1, 6, 4, 1, 6, 3, 1, 6, 3, 1, 5, 3, 1, 4, 3, 1, 4, 2, 0, 0, 0, 0, 'N', 'N', 'N', 'N', 'N', 'N', 'N', 'N', 'N', 'N', 'N', 'N', 'N', 'N', 'N', 'N', 'N', 'N', 'N', 'N', 'N']",5,INT 42.15%
,,,,,10,INT 43.11%
,,,,,25,INT 44.00%
,,,,,50,INT 44.87%
,,,,,100,INT 45.72%
,,,,,200,INT 46.54%
,,,10,"[0, 'N', 'N', 'N', 'N', 'N', 'N', 24, 19, 0, 27, 17, 1, 30, 16, 1, 31, 16, 1, 31, 17, 1, 29, 18, 1, 25, 18, 1, 21, 18, 1, 18, 18, 1, 16, 17, 1, 15, 17, 1, 14, 17, 2, 13, 16, 2, 12, 16, 2, 11, 16, 2, 11, 15, 2, 10, 16, 2, 11, 16, 2, 11, 16, 2, 12, 16, 2, 13, 16, 2, 14, 16, 2, 15, 15, 2, 16, 15, 2, 16, 14, 2, 17, 14, 2, 17, 13, 2, 17, 13, 2, 16, 13, 2, 15, 13, 2, 14, 12, 2, 12, 12, 2, 11, 11, 2, 10, 11, 2, 9, 10, 2, 8, 10, 2, 8, 9, 2, 4, 6, 2, 0, 0, 0, 'N', 'N', 'N', 'N', 'N', 'N', 'N', 'N', 'N', 'N', 'N', 'N', 'N', 'N', 'N', 'N', 'N', 'N', 'N', 'N', 'N', 'N', 'N', 'N', 'N', 'N', 'N', 'N', 'N', 'N', 'N', 'N', 'N', 'N', 'N', 'N', 'N', 'N', 'N', 'N', 'N', 'N', 'N', 'N', 'N', 'N', 'N', 'N', 'N', 'N', 'N', 'N', 'N', 'N', 'N', 'N', 'N', 'N', 'N', 'N', 'N', 'N', 'N', 'N', 'N', 'N', 'N', 'N', 'N', 'N', 'N', 'N', 'N', 'N', 'N', 20, 20, 1, 20, 20, 1, 20, 20, 1, 20, 18, 1, 20, 17, 1, 20, 16, 1, 20, 15, 1, 19, 13, 1, 18, 12, 1, 17, 10, 1, 15, 9, 1, 14, 8, 1, 12, 8, 1, 11, 7, 2, 10, 7, 2, 10, 7, 2, 9, 7, 2, 9, 7, 2, 9, 6, 2, 9, 6, 2, 9, 6, 2, 9, 6, 2, 8, 6, 2, 8, 6, 2, 8, 6, 2, 8, 6, 2, 8, 5, 2, 8, 5, 2, 8, 6, 2, 8, 6, 2, 8, 6, 2, 8, 6, 2, 8, 5, 2, 8, 5, 2, 8, 5, 2, 8, 5, 2, 7, 5, 2, 7, 5, 2, 7, 5, 2, 6, 5, 2, 6, 5, 2, 5, 5, 2, 5, 5, 2, 5, 5, 2, 5, 5, 2, 4, 5, 2, 4, 5, 2, 4, 5, 2, 3, 6, 1, 1, 3, 0, 1, 1, 0, 'N', 'N', 'N', 'N', 'N', 'N', 'N', 'N', 'N', 'N', 'N', 'N', 'N', 'N', 'N', 'N', 'N', 'N', 'N', 'N', 'N', 'N', 'N', 'N', 'N', 'N', 'N', 'N', 'N', 'N', 'N', 'N', 'N', 'N', 'N', 'N', 22, 15, 1, 24, 13, 1, 27, 13, 1, 27, 12, 1, 26, 12, 1, 26, 12, 1, 25, 12, 1, 24, 12, 1, 23, 13, 1, 22, 13, 1, 22, 14, 1, 22, 15, 1, 24, 16, 1, 25, 16, 1, 26, 16, 1, 26, 16, 1, 26, 15, 1, 25, 16, 1, 24, 17, 1, 22, 18, 1, 20, 20, 1, 18, 21, 1, 15, 21, 1, 14, 20, 1, 12, 18, 1, 12, 16, 1, 11, 15, 1, 10, 14, 1, 8, 14, 1, 8, 14, 2, 7, 14, 2, 7, 13, 2, 8, 13, 2, 8, 13, 2, 8, 12, 2, 9, 12, 3, 9, 11, 3, 10, 11, 3, 10, 11, 3, 10, 10, 3, 10, 10, 3, 11, 9, 3, 11, 8, 3, 11, 8, 2, 11, 8, 2, 11, 8, 2, 12, 7, 2, 12, 7, 2, 11, 7, 2, 10, 6, 2, 8, 5, 2, 7, 3, 1, 0, 1, 0, 'N', 'N', 'N', 'N', 'N', 'N', 'N', 'N', 'N', 'N', 'N', 'N', 'N', 'N', 'N', 'N', 'N', 'N', 'N', 'N', 'N']",5,INT 42.90%
,,,,,10,INT 44.18%
,,,,,25,INT 45.10%
,,,,,50,INT 45.99%
,,,,,100,INT 46.85%
,,,,,200,INT 47.69%
,,,15,"[0, 'N', 'N', 'N', 'N', 'N', 'N', 36, 28, 1, 41, 25, 1, 45, 24, 1, 47, 24, 1, 46, 25, 1, 44, 27, 1, 37, 27, 1, 32, 27, 1, 27, 26, 2, 24, 26, 2, 23, 25, 2, 21, 25, 2, 20, 25, 3, 18, 24, 3, 17, 23, 3, 16, 23, 3, 16, 23, 3, 16, 24, 3, 17, 24, 3, 18, 24, 3, 20, 24, 3, 21, 23, 3, 23, 23, 3, 24, 22, 3, 25, 21, 3, 26, 21, 3, 26, 20, 3, 26, 20, 3, 25, 19, 3, 23, 19, 3, 21, 18, 3, 19, 18, 3, 16, 17, 3, 15, 16, 2, 13, 15, 2, 12, 15, 2, 11, 13, 3, 7, 9, 3, 0, 0, 0, 'N', 'N', 'N', 'N', 'N', 'N', 'N', 'N', 'N', 'N', 'N', 'N', 'N', 'N', 'N', 'N', 'N', 'N', 'N', 'N', 'N', 'N', 'N', 'N', 'N', 'N', 'N', 'N', 'N', 'N', 'N', 'N', 'N', 'N', 'N', 'N', 'N', 'N', 'N', 'N', 'N', 'N', 'N', 'N', 'N', 'N', 'N', 'N', 'N', 'N', 'N', 'N', 'N', 'N', 'N', 'N', 'N', 'N', 'N', 'N', 'N', 'N', 'N', 'N', 'N', 'N', 'N', 'N', 'N', 'N', 'N', 'N', 'N', 'N', 'N', 29, 29, 1, 30, 31, 1, 30, 29, 1, 30, 28, 1, 30, 26, 1, 30, 24, 1, 30, 22, 2, 29, 20, 2, 27, 18, 2, 25, 16, 2, 23, 14, 2, 20, 12, 2, 18, 11, 2, 16, 11, 2, 15, 11, 2, 15, 11, 2, 14, 11, 3, 14, 10, 3, 14, 10, 3, 13, 9, 3, 13, 9, 3, 13, 9, 3, 13, 9, 3, 12, 9, 4, 12, 8, 4, 12, 8, 4, 12, 8, 4, 11, 8, 4, 11, 8, 3, 11, 8, 3, 11, 8, 3, 12, 8, 3, 12, 8, 3, 12, 8, 3, 12, 8, 3, 11, 8, 3, 11, 8, 3, 11, 8, 3, 10, 8, 3, 9, 8, 3, 9, 7, 3, 8, 7, 3, 8, 7, 3, 7, 7, 3, 7, 7, 3, 6, 7, 3, 6, 8, 3, 6, 7, 3, 5, 9, 2, 2, 4, 1, 1, 2, 0, 'N', 'N', 'N', 'N', 'N', 'N', 'N', 'N', 'N', 'N', 'N', 'N', 'N', 'N', 'N', 'N', 'N', 'N', 'N', 'N', 'N', 'N', 'N', 'N', 'N', 'N', 'N', 'N', 'N', 'N', 'N', 'N', 'N', 'N', 'N', 'N', 34, 22, 2, 36, 19, 1, 40, 19, 1, 40, 18, 1, 40, 17, 1, 39, 17, 1, 37, 18, 1, 36, 18, 1, 34, 19, 1, 33, 20, 1, 33, 21, 1, 33, 23, 1, 35, 24, 1, 37, 24, 1, 39, 24, 1, 39, 24, 1, 39, 23, 1, 38, 23, 1, 36, 25, 1, 33, 27, 1, 30, 30, 1, 27, 31, 1, 23, 31, 1, 20, 30, 1, 19, 27, 1, 18, 24, 2, 16, 22, 2, 15, 21, 2, 13, 22, 2, 11, 21, 2, 11, 21, 3, 11, 20, 3, 11, 20, 3, 12, 19, 3, 13, 18, 4, 13, 17, 4, 14, 17, 4, 14, 16, 4, 15, 16, 4, 15, 15, 4, 16, 14, 4, 16, 13, 4, 16, 13, 4, 16, 12, 4, 17, 12, 4, 17, 12, 3, 17, 11, 3, 17, 10, 3, 17, 10, 3, 15, 8, 3, 13, 8, 2, 11, 5, 1, 0, 1, 0, 'N', 'N', 'N', 'N', 'N', 'N', 'N', 'N', 'N', 'N', 'N', 'N', 'N', 'N', 'N', 'N', 'N', 'N', 'N', 'N', 'N']",5,INT 42.84%
,,,,,10,INT 44.45%
,,,,,25,INT 45.42%
,,,,,50,INT 46.32%
,,,,,100,INT 47.19%
,,,,,200,INT 48.03%
,,,20,"[0, 'N', 'N', 'N', 'N', 'N', 'N', 49, 38, 1, 54, 34, 1, 60, 31, 1, 62, 32, 1, 62, 33, 1, 58, 36, 1, 50, 36, 1, 42, 36, 2, 36, 35, 2, 32, 34, 2, 30, 34, 3, 28, 33, 3, 26, 33, 3, 24, 32, 4, 22, 31, 4, 21, 31, 4, 21, 31, 4, 21, 32, 4, 22, 32, 4, 24, 32, 5, 26, 32, 5, 28, 31, 5, 30, 30, 5, 32, 29, 4, 33, 29, 4, 34, 28, 4, 35, 27, 4, 34, 26, 4, 33, 26, 4, 31, 25, 4, 28, 24, 4, 25, 23, 3, 22, 22, 3, 19, 21, 3, 17, 20, 3, 16, 20, 3, 15, 17, 4, 9, 11, 5, 0, 0, 0, 'N', 'N', 'N', 'N', 'N', 'N', 'N', 'N', 'N', 'N', 'N', 'N', 'N', 'N', 'N', 'N', 'N', 'N', 'N', 'N', 'N', 'N', 'N', 'N', 'N', 'N', 'N', 'N', 'N', 'N', 'N', 'N', 'N', 'N', 'N', 'N', 'N', 'N', 'N', 'N', 'N', 'N', 'N', 'N', 'N', 'N', 'N', 'N', 'N', 'N', 'N', 'N', 'N', 'N', 'N', 'N', 'N', 'N', 'N', 'N', 'N', 'N', 'N', 'N', 'N', 'N', 'N', 'N', 'N', 'N', 'N', 'N', 'N', 'N', 'N', 39, 39, 1, 40, 41, 1, 40, 39, 2, 40, 37, 2, 40, 34, 2, 40, 32, 2, 40, 29, 2, 38, 27, 2, 36, 24, 3, 33, 21, 3, 30, 18, 3, 27, 16, 3, 25, 15, 3, 22, 15, 3, 20, 15, 3, 19, 15, 3, 19, 14, 3, 18, 14, 4, 18, 13, 4, 18, 13, 4, 18, 12, 4, 17, 12, 4, 17, 12, 5, 16, 12, 5, 16, 11, 5, 15, 11, 5, 15, 11, 5, 15, 11, 5, 15, 11, 5, 15, 11, 5, 15, 11, 5, 15, 11, 5, 16, 11, 5, 16, 11, 4, 15, 11, 4, 15, 11, 4, 15, 11, 5, 14, 10, 5, 13, 10, 5, 12, 10, 5, 11, 10, 5, 11, 10, 5, 10, 9, 4, 9, 9, 4, 9, 9, 4, 9, 10, 4, 8, 10, 4, 8, 10, 4, 6, 12, 3, 3, 5, 1, 1, 2, 0, 'N', 'N', 'N', 'N', 'N', 'N', 'N', 'N', 'N', 'N', 'N', 'N', 'N', 'N', 'N', 'N', 'N', 'N', 'N', 'N', 'N', 'N', 'N', 'N', 'N', 'N', 'N', 'N', 'N', 'N', 'N', 'N', 'N', 'N', 'N', 'N', 45, 30, 2, 48, 25, 1, 53, 26, 1, 54, 24, 1, 53, 23, 1, 52, 23, 1, 50, 23, 1, 48, 24, 1, 46, 25, 1, 44, 27, 1, 44, 28, 1, 45, 30, 1, 47, 32, 1, 50, 32, 1, 52, 32, 1, 53, 31, 1, 52, 31, 1, 50, 31, 1, 48, 33, 1, 44, 36, 1, 40, 40, 1, 35, 42, 1, 31, 42, 1, 27, 40, 2, 25, 36, 2, 23, 32, 2, 22, 29, 2, 20, 28, 3, 17, 29, 3, 15, 28, 3, 15, 28, 4, 15, 27, 4, 15, 26, 4, 16, 26, 5, 17, 24, 5, 18, 23, 5, 18, 22, 5, 19, 22, 5, 20, 22, 5, 20, 21, 5, 21, 19, 5, 21, 18, 5, 21, 17, 5, 22, 17, 5, 22, 16, 5, 23, 16, 5, 23, 15, 4, 23, 14, 4, 22, 13, 4, 19, 11, 4, 17, 10, 3, 15, 6, 1, 1, 2, 1, 'N', 'N', 'N', 'N', 'N', 'N', 'N', 'N', 'N', 'N', 'N', 'N', 'N', 'N', 'N', 'N', 'N', 'N', 'N', 'N', 'N']",5,INT 42.61%
,,,,,10,INT 44.55%
,,,,,25,INT 45.64%
,,,,,50,INT 46.54%
,,,,,100,INT 47.41%
,,,,,200,INT 48.26%
,,,30,"[0, 'N', 'N', 'N', 'N', 'N', 'N', 73, 57, 1, 81, 51, 2, 90, 47, 2, 94, 47, 2, 92, 50, 2, 87, 53, 2, 74, 54, 2, 64, 54, 3, 53, 53, 3, 47, 51, 4, 45, 51, 4, 42, 50, 5, 39, 49, 5, 36, 48, 5, 33, 47, 6, 32, 46, 6, 31, 47, 6, 32, 48, 6, 34, 48, 7, 36, 48, 7, 39, 48, 7, 43, 47, 7, 45, 45, 7, 47, 44, 7, 49, 43, 6, 51, 42, 6, 52, 40, 6, 51, 39, 6, 49, 38, 6, 46, 38, 6, 42, 36, 5, 37, 35, 5, 33, 34, 5, 29, 32, 5, 26, 31, 5, 24, 29, 5, 23, 26, 5, 13, 17, 7, 0, 0, 0, 'N', 'N', 'N', 'N', 'N', 'N', 'N', 'N', 'N', 'N', 'N', 'N', 'N', 'N', 'N', 'N', 'N', 'N', 'N', 'N', 'N', 'N', 'N', 'N', 'N', 'N', 'N', 'N', 'N', 'N', 'N', 'N', 'N', 'N', 'N', 'N', 'N', 'N', 'N', 'N', 'N', 'N', 'N', 'N', 'N', 'N', 'N', 'N', 'N', 'N', 'N', 'N', 'N', 'N', 'N', 'N', 'N', 'N', 'N', 'N', 'N', 'N', 'N', 'N', 'N', 'N', 'N', 'N', 'N', 'N', 'N', 'N', 'N', 'N', 'N', 59, 59, 2, 59, 61, 2, 60, 59, 2, 60, 55, 2, 60, 52, 3, 60, 48, 3, 59, 44, 3, 57, 40, 4, 54, 36, 4, 50, 31, 4, 45, 28, 4, 41, 24, 4, 37, 23, 4, 32, 22, 5, 30, 22, 5, 29, 22, 5, 28, 22, 5, 28, 20, 5, 27, 19, 6, 27, 19, 6, 27, 19, 6, 26, 18, 7, 25, 18, 7, 24, 17, 7, 24, 17, 7, 23, 17, 7, 23, 16, 7, 23, 16, 7, 23, 17, 7, 23, 17, 7, 23, 17, 7, 23, 17, 7, 23, 16, 7, 23, 16, 7, 23, 16, 7, 23, 16, 7, 22, 16, 7, 21, 16, 7, 20, 15, 7, 18, 15, 7, 17, 15, 7, 16, 14, 7, 15, 14, 7, 14, 14, 6, 14, 14, 6, 13, 14, 6, 12, 16, 6, 11, 15, 6, 10, 18, 4, 4, 8, 1, 2, 3, 0, 'N', 'N', 'N', 'N', 'N', 'N', 'N', 'N', 'N', 'N', 'N', 'N', 'N', 'N', 'N', 'N', 'N', 'N', 'N', 'N', 'N', 'N', 'N', 'N', 'N', 'N', 'N', 'N', 'N', 'N', 'N', 'N', 'N', 'N', 'N', 'N', 67, 45, 3, 73, 38, 2, 80, 39, 2, 80, 36, 2, 79, 35, 2, 77, 35, 2, 75, 35, 2, 72, 36, 2, 69, 38, 2, 66, 40, 2, 66, 42, 2, 67, 45, 2, 71, 47, 2, 74, 48, 2, 78, 48, 2, 79, 47, 2, 78, 46, 2, 75, 47, 2, 71, 50, 2, 67, 54, 2, 60, 59, 2, 53, 62, 2, 46, 63, 2, 41, 59, 3, 37, 53, 3, 35, 48, 3, 33, 44, 4, 29, 42, 4, 25, 43, 4, 23, 42, 5, 22, 41, 5, 22, 40, 6, 23, 39, 6, 24, 39, 7, 25, 37, 7, 26, 35, 8, 28, 33, 8, 29, 32, 8, 30, 32, 8, 30, 31, 8, 31, 29, 8, 32, 27, 8, 32, 25, 8, 33, 25, 7, 34, 24, 7, 34, 23, 7, 35, 22, 7, 35, 21, 6, 34, 20, 6, 29, 17, 7, 25, 15, 5, 22, 10, 2, 1, 3, 1, 'N', 'N', 'N', 'N', 'N', 'N', 'N', 'N', 'N', 'N', 'N', 'N', 'N', 'N', 'N', 'N', 'N', 'N', 'N', 'N', 'N']",5,INT 42.15%
,,,,,10,INT 44.46%
,,,,,25,INT 45.80%
,,,,,50,INT 46.73%
,,,,,100,INT 47.61%
,,,,,200,INT 48.46%
,noaa-adcp-201502.csv,672,,,
,,,0,"[0, 'N', 'N', 'N', 'N', 'N', 'N', 0, 0, 0, 0, 0, 0, 0, 0, 0, 0, 0, 0, 0, 0, 0, 0, 0, 0, 0, 0, 0, 0, 0, 0, 0, 0, 0, 0, 0, 0, 0, 0, 0, 0, 0, 0, 0, 0, 0, 0, 0, 0, 0, 0, 0, 0, 0, 0, 0, 0, 0, 0, 0, 0, 0, 0, 0, 0, 0, 0, 0, 0, 0, 0, 0, 0, 0, 0, 0, 0, 0, 0, 0, 0, 0, 0, 0, 0, 0, 0, 0, 0, 0, 0, 0, 0, 0, 0, 0, 0, 0, 0, 0, 0, 0, 0, 0, 0, 0, 0, 0, 0, 0, 0, 0, 0, 0, 0, 0, 0, 0, 0, 0, 0, 'N', 'N', 'N', 'N', 'N', 'N', 'N', 'N', 'N', 'N', 'N', 'N', 'N', 'N', 'N', 'N', 'N', 'N', 'N', 'N', 'N', 'N', 'N', 'N', 'N', 'N', 'N', 'N', 'N', 'N', 'N', 'N', 'N', 'N', 'N', 'N', 'N', 'N', 'N', 'N', 'N', 'N', 'N', 'N', 'N', 'N', 'N', 'N', 'N', 'N', 'N', 'N', 'N', 'N', 'N', 'N', 'N', 'N', 'N', 'N', 'N', 'N', 'N', 'N', 'N', 'N', 'N', 'N', 'N', 'N', 'N', 'N', 'N', 'N', 'N', 'N', 'N', 'N', 0, 0, 0, 0, 0, 0, 0, 0, 0, 0, 0, 0, 0, 0, 0, 0, 0, 0, 0, 0, 0, 0, 0, 0, 0, 0, 0, 0, 0, 0, 0, 0, 0, 0, 0, 0, 0, 0, 0, 0, 0, 0, 0, 0, 0, 0, 0, 0, 0, 0, 0, 0, 0, 0, 0, 0, 0, 0, 0, 0, 0, 0, 0, 0, 0, 0, 0, 0, 0, 0, 0, 0, 0, 0, 0, 0, 0, 0, 0, 0, 0, 0, 0, 0, 0, 0, 0, 0, 0, 0, 0, 0, 0, 0, 0, 0, 0, 0, 0, 0, 0, 0, 0, 0, 0, 0, 0, 0, 0, 0, 0, 0, 0, 0, 0, 0, 0, 0, 0, 0, 0, 0, 0, 0, 0, 0, 0, 0, 0, 0, 0, 0, 0, 0, 0, 0, 0, 0, 0, 0, 0, 'N', 'N', 'N', 'N', 'N', 'N', 'N', 'N', 'N', 'N', 'N', 'N', 'N', 'N', 'N', 'N', 'N', 'N', 'N', 'N', 'N', 'N', 'N', 'N', 'N', 'N', 'N', 'N', 'N', 'N', 'N', 'N', 'N', 'N', 'N', 'N', 'N', 'N', 'N', 'N', 'N', 'N', 'N', 'N', 'N', 'N', 'N', 'N', 0, 0, 0, 0, 0, 0, 0, 0, 0, 0, 0, 0, 0, 0, 0, 0, 0, 0, 0, 0, 0, 0, 0, 0, 0, 0, 0, 0, 0, 0, 0, 0, 0, 0, 0, 0, 0, 0, 0, 0, 0, 0, 0, 0, 0, 0, 0, 0, 0, 0, 0, 0, 0, 0, 0, 0, 0, 0, 0, 0, 0, 0, 0, 0, 0, 0, 0, 0, 0, 0, 0, 0, 0, 0, 0, 0, 0, 0, 0, 0, 0, 0, 0, 0, 0, 0, 0, 0, 0, 0, 0, 0, 0, 0, 0, 0, 0, 0, 0, 0, 0, 0, 0, 0, 0, 0, 0, 0, 0, 0, 0, 0, 0, 0, 0, 0, 0, 0, 0, 0, 0, 0, 0, 0, 0, 0, 0, 0, 0, 0, 0, 0, 0, 0, 0, 0, 0, 0, 0, 0, 0, 0, 0, 0, 0, 0, 0, 'N', 'N', 'N', 'N', 'N', 'N', 'N', 'N', 'N', 'N', 'N', 'N', 'N', 'N', 'N', 'N', 'N', 'N', 'N', 'N', 'N', 'N', 'N', 'N', 'N', 'N', 'N', 'N', 'N', 'N', 'N', 'N', 'N']",5,INT 40.30%
,,,,,10,INT 41.18%
,,,,,25,INT 42.04%
,,,,,50,INT 42.87%
,,,,,100,INT 43.67%
,,,,,200,INT 44.46%
,,,1,"[0, 'N', 'N', 'N', 'N', 'N', 'N', 1, 3, 0, 2, 3, 0, 2, 2, 0, 2, 2, 0, 2, 2, 0, 3, 2, 0, 2, 2, 0, 2, 2, 0, 2, 2, 0, 2, 2, 0, 2, 2, 0, 2, 2, 0, 2, 2, 0, 2, 2, 0, 2, 2, 0, 2, 2, 0, 2, 2, 0, 2, 2, 0, 2, 2, 0, 2, 2, 0, 2, 2, 0, 1, 2, 0, 1, 1, 0, 1, 1, 0, 1, 1, 0, 1, 1, 0, 1, 1, 0, 1, 1, 0, 1, 1, 0, 1, 1, 0, 1, 1, 0, 2, 1, 0, 2, 1, 0, 2, 1, 0, 2, 1, 0, 1, 1, 0, 2, 2, 0, 2, 1, 0, 'N', 'N', 'N', 'N', 'N', 'N', 'N', 'N', 'N', 'N', 'N', 'N', 'N', 'N', 'N', 'N', 'N', 'N', 'N', 'N', 'N', 'N', 'N', 'N', 'N', 'N', 'N', 'N', 'N', 'N', 'N', 'N', 'N', 'N', 'N', 'N', 'N', 'N', 'N', 'N', 'N', 'N', 'N', 'N', 'N', 'N', 'N', 'N', 'N', 'N', 'N', 'N', 'N', 'N', 'N', 'N', 'N', 'N', 'N', 'N', 'N', 'N', 'N', 'N', 'N', 'N', 'N', 'N', 'N', 'N', 'N', 'N', 'N', 'N', 'N', 'N', 'N', 'N', 0, 0, 0, 1, 2, 0, 1, 2, 0, 1, 2, 0, 1, 1, 0, 1, 1, 0, 1, 1, 0, 1, 1, 0, 1, 1, 0, 1, 1, 0, 1, 1, 0, 1, 1, 0, 1, 1, 0, 1, 1, 0, 1, 1, 0, 1, 1, 0, 1, 1, 0, 1, 1, 0, 1, 1, 0, 1, 1, 0, 1, 1, 0, 1, 1, 0, 1, 1, 0, 1, 1, 0, 1, 1, 0, 1, 1, 0, 1, 1, 0, 1, 1, 0, 1, 1, 0, 1, 1, 0, 1, 1, 0, 1, 1, 0, 1, 1, 0, 1, 1, 0, 1, 0, 0, 1, 0, 0, 1, 0, 0, 1, 0, 0, 1, 0, 0, 1, 0, 0, 1, 0, 0, 1, 0, 0, 1, 0, 0, 0, 0, 0, 0, 0, 0, 0, 0, 0, 0, 0, 0, 'N', 'N', 'N', 'N', 'N', 'N', 'N', 'N', 'N', 'N', 'N', 'N', 'N', 'N', 'N', 'N', 'N', 'N', 'N', 'N', 'N', 'N', 'N', 'N', 'N', 'N', 'N', 'N', 'N', 'N', 'N', 'N', 'N', 'N', 'N', 'N', 'N', 'N', 'N', 'N', 'N', 'N', 'N', 'N', 'N', 'N', 'N', 'N', 1, 1, 0, 2, 1, 0, 2, 1, 0, 2, 1, 0, 2, 1, 0, 3, 1, 0, 3, 1, 0, 3, 1, 0, 3, 1, 0, 3, 1, 0, 3, 2, 0, 3, 2, 0, 3, 2, 0, 3, 1, 0, 3, 1, 0, 2, 1, 0, 2, 1, 0, 2, 1, 0, 2, 1, 0, 2, 1, 0, 2, 1, 0, 1, 1, 0, 1, 1, 0, 1, 1, 0, 1, 1, 0, 1, 2, 0, 1, 2, 0, 1, 2, 0, 1, 2, 0, 1, 2, 0, 1, 2, 0, 1, 2, 0, 1, 1, 0, 1, 2, 0, 1, 2, 0, 1, 2, 0, 1, 2, 0, 1, 2, 0, 1, 1, 0, 1, 1, 0, 1, 1, 0, 1, 1, 0, 1, 1, 0, 1, 1, 0, 1, 1, 0, 1, 1, 0, 1, 1, 0, 1, 1, 0, 1, 1, 0, 'N', 'N', 'N', 'N', 'N', 'N', 'N', 'N', 'N', 'N', 'N', 'N', 'N', 'N', 'N', 'N', 'N', 'N', 'N', 'N', 'N', 'N', 'N', 'N', 'N', 'N', 'N', 'N', 'N', 'N', 'N', 'N', 'N']",5,INT 40.89%
,,,,,10,INT 41.78%
,,,,,25,INT 42.65%
,,,,,50,INT 43.49%
,,,,,100,INT 44.31%
,,,,,200,INT 45.10%
,,,3,"[0, 'N', 'N', 'N', 'N', 'N', 'N', 4, 8, 0, 7, 8, 0, 7, 7, 0, 7, 6, 0, 7, 6, 0, 8, 5, 0, 7, 5, 0, 7, 6, 0, 6, 6, 0, 6, 7, 1, 6, 7, 1, 5, 7, 1, 5, 7, 1, 5, 7, 1, 5, 7, 1, 5, 6, 1, 5, 6, 1, 5, 6, 1, 5, 5, 1, 5, 5, 1, 5, 5, 1, 4, 5, 1, 4, 4, 1, 4, 4, 1, 4, 4, 1, 4, 4, 1, 4, 4, 1, 4, 4, 1, 4, 4, 0, 4, 4, 0, 4, 4, 0, 5, 4, 0, 5, 4, 0, 5, 4, 0, 5, 4, 0, 4, 4, 0, 6, 5, 0, 5, 4, 0, 'N', 'N', 'N', 'N', 'N', 'N', 'N', 'N', 'N', 'N', 'N', 'N', 'N', 'N', 'N', 'N', 'N', 'N', 'N', 'N', 'N', 'N', 'N', 'N', 'N', 'N', 'N', 'N', 'N', 'N', 'N', 'N', 'N', 'N', 'N', 'N', 'N', 'N', 'N', 'N', 'N', 'N', 'N', 'N', 'N', 'N', 'N', 'N', 'N', 'N', 'N', 'N', 'N', 'N', 'N', 'N', 'N', 'N', 'N', 'N', 'N', 'N', 'N', 'N', 'N', 'N', 'N', 'N', 'N', 'N', 'N', 'N', 'N', 'N', 'N', 'N', 'N', 'N', 1, 1, 0, 3, 5, 0, 3, 5, 0, 3, 5, 0, 3, 4, 0, 4, 4, 0, 4, 4, 0, 4, 4, 0, 4, 3, 0, 4, 3, 0, 4, 3, 0, 4, 3, 0, 3, 3, 0, 3, 3, 0, 3, 3, 0, 2, 3, 0, 2, 3, 0, 2, 3, 0, 3, 3, 0, 3, 3, 0, 3, 2, 0, 3, 2, 0, 3, 2, 1, 3, 2, 1, 3, 2, 1, 3, 2, 1, 3, 2, 1, 3, 2, 1, 3, 2, 1, 3, 2, 1, 3, 2, 1, 3, 2, 1, 3, 2, 1, 3, 2, 1, 3, 1, 1, 2, 1, 1, 2, 1, 1, 2, 1, 1, 2, 1, 1, 2, 1, 1, 2, 1, 1, 2, 1, 1, 2, 1, 1, 1, 1, 1, 1, 1, 1, 1, 1, 1, 0, 1, 1, 'N', 'N', 'N', 'N', 'N', 'N', 'N', 'N', 'N', 'N', 'N', 'N', 'N', 'N', 'N', 'N', 'N', 'N', 'N', 'N', 'N', 'N', 'N', 'N', 'N', 'N', 'N', 'N', 'N', 'N', 'N', 'N', 'N', 'N', 'N', 'N', 'N', 'N', 'N', 'N', 'N', 'N', 'N', 'N', 'N', 'N', 'N', 'N', 3, 2, 0, 6, 4, 0, 6, 4, 0, 7, 4, 0, 7, 4, 0, 8, 4, 0, 8, 4, 0, 8, 4, 0, 9, 4, 0, 9, 4, 0, 9, 5, 0, 9, 5, 0, 9, 5, 0, 8, 4, 0, 8, 4, 0, 7, 4, 0, 6, 4, 0, 6, 4, 0, 5, 4, 0, 5, 4, 0, 5, 4, 0, 4, 4, 0, 4, 4, 0, 3, 4, 0, 3, 4, 0, 3, 5, 0, 3, 5, 0, 2, 5, 0, 2, 5, 0, 2, 5, 0, 2, 5, 0, 2, 5, 1, 2, 4, 1, 2, 5, 1, 2, 5, 1, 2, 5, 1, 3, 5, 1, 3, 5, 1, 3, 4, 1, 3, 4, 1, 3, 4, 1, 3, 3, 1, 3, 3, 1, 3, 3, 1, 3, 3, 1, 3, 2, 1, 3, 2, 1, 3, 2, 1, 2, 2, 0, 'N', 'N', 'N', 'N', 'N', 'N', 'N', 'N', 'N', 'N', 'N', 'N', 'N', 'N', 'N', 'N', 'N', 'N', 'N', 'N', 'N', 'N', 'N', 'N', 'N', 'N', 'N', 'N', 'N', 'N', 'N', 'N', 'N']",5,INT 41.70%
,,,,,10,INT 42.63%
,,,,,25,INT 43.51%
,,,,,50,INT 44.37%
,,,,,100,INT 45.20%
,,,,,200,INT 46.01%
,,,5,"[0, 'N', 'N', 'N', 'N', 'N', 'N', 7, 14, 0, 11, 13, 0, 11, 12, 0, 12, 10, 1, 12, 9, 1, 13, 9, 1, 12, 9, 1, 12, 10, 1, 11, 10, 1, 10, 11, 1, 9, 12, 1, 9, 12, 1, 9, 12, 1, 9, 11, 1, 9, 11, 1, 9, 11, 1, 9, 10, 1, 8, 9, 1, 8, 9, 1, 8, 8, 1, 8, 8, 1, 7, 8, 1, 7, 7, 1, 7, 7, 1, 7, 7, 1, 7, 7, 1, 7, 7, 1, 7, 7, 1, 7, 7, 1, 7, 7, 1, 7, 7, 1, 8, 6, 1, 8, 6, 1, 8, 6, 1, 8, 6, 1, 7, 6, 1, 10, 8, 1, 8, 6, 1, 'N', 'N', 'N', 'N', 'N', 'N', 'N', 'N', 'N', 'N', 'N', 'N', 'N', 'N', 'N', 'N', 'N', 'N', 'N', 'N', 'N', 'N', 'N', 'N', 'N', 'N', 'N', 'N', 'N', 'N', 'N', 'N', 'N', 'N', 'N', 'N', 'N', 'N', 'N', 'N', 'N', 'N', 'N', 'N', 'N', 'N', 'N', 'N', 'N', 'N', 'N', 'N', 'N', 'N', 'N', 'N', 'N', 'N', 'N', 'N', 'N', 'N', 'N', 'N', 'N', 'N', 'N', 'N', 'N', 'N', 'N', 'N', 'N', 'N', 'N', 'N', 'N', 'N', 2, 1, 0, 5, 9, 0, 5, 8, 0, 5, 8, 0, 6, 7, 0, 6, 7, 0, 6, 6, 0, 7, 6, 0, 7, 6, 0, 6, 6, 0, 6, 6, 1, 6, 6, 1, 6, 5, 1, 5, 5, 1, 4, 5, 1, 4, 5, 1, 4, 5, 1, 4, 5, 1, 4, 5, 1, 5, 4, 1, 5, 4, 1, 5, 3, 1, 5, 3, 1, 5, 3, 1, 5, 3, 1, 5, 3, 1, 5, 3, 1, 5, 3, 1, 5, 3, 1, 5, 3, 1, 5, 3, 1, 5, 3, 1, 5, 3, 1, 5, 3, 1, 4, 2, 1, 4, 2, 1, 4, 2, 1, 3, 2, 1, 3, 2, 1, 3, 2, 1, 3, 2, 1, 3, 2, 1, 3, 2, 1, 2, 2, 1, 2, 2, 1, 2, 2, 1, 0, 1, 1, 'N', 'N', 'N', 'N', 'N', 'N', 'N', 'N', 'N', 'N', 'N', 'N', 'N', 'N', 'N', 'N', 'N', 'N', 'N', 'N', 'N', 'N', 'N', 'N', 'N', 'N', 'N', 'N', 'N', 'N', 'N', 'N', 'N', 'N', 'N', 'N', 'N', 'N', 'N', 'N', 'N', 'N', 'N', 'N', 'N', 'N', 'N', 'N', 6, 3, 0, 10, 6, 0, 11, 6, 0, 11, 6, 0, 12, 6, 0, 13, 6, 0, 13, 6, 0, 14, 6, 0, 14, 7, 0, 15, 7, 0, 15, 8, 0, 15, 8, 0, 15, 8, 0, 14, 7, 0, 13, 7, 0, 12, 6, 0, 10, 6, 0, 10, 6, 0, 9, 7, 0, 8, 7, 0, 8, 7, 0, 7, 7, 0, 6, 7, 0, 5, 7, 0, 5, 7, 0, 4, 8, 0, 4, 8, 0, 4, 8, 0, 4, 8, 1, 4, 8, 1, 4, 8, 1, 4, 8, 1, 3, 7, 1, 4, 8, 1, 4, 8, 1, 4, 8, 1, 4, 8, 1, 5, 8, 1, 5, 7, 1, 5, 6, 1, 4, 6, 1, 4, 6, 1, 4, 5, 1, 5, 5, 1, 5, 5, 1, 5, 4, 1, 5, 4, 1, 5, 3, 1, 4, 3, 0, 'N', 'N', 'N', 'N', 'N', 'N', 'N', 'N', 'N', 'N', 'N', 'N', 'N', 'N', 'N', 'N', 'N', 'N', 'N', 'N', 'N', 'N', 'N', 'N', 'N', 'N', 'N', 'N', 'N', 'N', 'N', 'N', 'N']",5,INT 42.09%
,,,,,10,INT 43.07%
,,,,,25,INT 43.96%
,,,,,50,INT 44.83%
,,,,,100,INT 45.67%
,,,,,200,INT 46.49%
,,,10,"[0, 'N', 'N', 'N', 'N', 'N', 'N', 13, 27, 1, 22, 27, 1, 23, 23, 1, 24, 20, 1, 25, 18, 1, 26, 18, 1, 25, 18, 1, 23, 19, 1, 21, 21, 2, 20, 23, 2, 18, 24, 2, 18, 24, 2, 17, 23, 2, 18, 23, 2, 18, 22, 2, 18, 21, 2, 17, 20, 2, 17, 19, 2, 16, 17, 2, 16, 16, 2, 15, 16, 2, 15, 15, 2, 15, 15, 2, 14, 15, 2, 14, 15, 2, 14, 14, 2, 14, 14, 2, 14, 14, 2, 14, 14, 2, 15, 13, 2, 15, 13, 2, 15, 13, 1, 15, 13, 1, 15, 12, 1, 15, 12, 1, 15, 12, 1, 19, 15, 1, 17, 12, 1, 'N', 'N', 'N', 'N', 'N', 'N', 'N', 'N', 'N', 'N', 'N', 'N', 'N', 'N', 'N', 'N', 'N', 'N', 'N', 'N', 'N', 'N', 'N', 'N', 'N', 'N', 'N', 'N', 'N', 'N', 'N', 'N', 'N', 'N', 'N', 'N', 'N', 'N', 'N', 'N', 'N', 'N', 'N', 'N', 'N', 'N', 'N', 'N', 'N', 'N', 'N', 'N', 'N', 'N', 'N', 'N', 'N', 'N', 'N', 'N', 'N', 'N', 'N', 'N', 'N', 'N', 'N', 'N', 'N', 'N', 'N', 'N', 'N', 'N', 'N', 'N', 'N', 'N', 5, 2, 0, 10, 18, 1, 10, 17, 1, 11, 16, 1, 12, 15, 1, 12, 13, 1, 13, 12, 1, 13, 12, 1, 13, 11, 1, 13, 11, 1, 13, 11, 1, 12, 11, 1, 11, 11, 1, 10, 10, 1, 9, 10, 1, 8, 10, 1, 8, 10, 1, 8, 10, 1, 9, 9, 1, 10, 8, 1, 10, 8, 1, 11, 7, 2, 11, 6, 2, 11, 6, 2, 10, 6, 2, 10, 6, 2, 10, 6, 2, 10, 6, 2, 10, 6, 3, 10, 6, 3, 10, 6, 3, 10, 6, 3, 10, 5, 3, 9, 5, 3, 9, 5, 3, 8, 5, 3, 7, 5, 3, 7, 5, 3, 6, 5, 2, 6, 5, 2, 6, 5, 2, 5, 4, 2, 5, 4, 2, 5, 4, 2, 5, 4, 2, 4, 3, 2, 1, 2, 2, 'N', 'N', 'N', 'N', 'N', 'N', 'N', 'N', 'N', 'N', 'N', 'N', 'N', 'N', 'N', 'N', 'N', 'N', 'N', 'N', 'N', 'N', 'N', 'N', 'N', 'N', 'N', 'N', 'N', 'N', 'N', 'N', 'N', 'N', 'N', 'N', 'N', 'N', 'N', 'N', 'N', 'N', 'N', 'N', 'N', 'N', 'N', 'N', 11, 7, 1, 20, 12, 1, 22, 12, 1, 23, 12, 1, 24, 12, 1, 25, 12, 1, 26, 12, 1, 27, 13, 1, 28, 13, 1, 29, 14, 1, 30, 15, 1, 30, 16, 1, 29, 16, 1, 27, 15, 1, 26, 14, 1, 23, 13, 1, 21, 12, 1, 19, 13, 1, 18, 13, 1, 17, 14, 1, 16, 14, 1, 14, 13, 1, 12, 13, 1, 10, 14, 1, 9, 14, 1, 9, 16, 1, 9, 16, 1, 8, 16, 1, 8, 17, 1, 7, 16, 1, 7, 16, 1, 7, 16, 2, 7, 15, 2, 7, 15, 2, 7, 15, 2, 8, 16, 2, 9, 16, 3, 9, 15, 3, 9, 14, 3, 9, 13, 3, 9, 12, 3, 9, 11, 3, 9, 10, 3, 9, 10, 3, 10, 9, 2, 10, 8, 2, 10, 7, 2, 10, 7, 2, 7, 6, 1, 'N', 'N', 'N', 'N', 'N', 'N', 'N', 'N', 'N', 'N', 'N', 'N', 'N', 'N', 'N', 'N', 'N', 'N', 'N', 'N', 'N', 'N', 'N', 'N', 'N', 'N', 'N', 'N', 'N', 'N', 'N', 'N', 'N']",5,INT 42.78%
,,,,,10,INT 44.02%
,,,,,25,INT 44.94%
,,,,,50,INT 45.83%
,,,,,100,INT 46.69%
,,,,,200,INT 47.52%
,,,15,"[0, 'N', 'N', 'N', 'N', 'N', 'N', 20, 41, 1, 33, 40, 1, 34, 35, 1, 36, 31, 2, 37, 28, 2, 39, 26, 2, 37, 27, 2, 35, 29, 2, 32, 31, 2, 29, 34, 3, 28, 36, 3, 26, 36, 3, 26, 35, 3, 27, 34, 3, 27, 33, 3, 27, 32, 3, 26, 30, 3, 25, 28, 3, 24, 26, 3, 24, 25, 3, 23, 23, 3, 22, 23, 3, 22, 22, 3, 22, 22, 3, 22, 22, 3, 21, 22, 3, 21, 21, 3, 21, 21, 3, 21, 21, 2, 22, 20, 2, 22, 20, 2, 23, 19, 2, 23, 19, 2, 23, 19, 2, 23, 19, 2, 22, 19, 2, 29, 23, 2, 25, 18, 2, 'N', 'N', 'N', 'N', 'N', 'N', 'N', 'N', 'N', 'N', 'N', 'N', 'N', 'N', 'N', 'N', 'N', 'N', 'N', 'N', 'N', 'N', 'N', 'N', 'N', 'N', 'N', 'N', 'N', 'N', 'N', 'N', 'N', 'N', 'N', 'N', 'N', 'N', 'N', 'N', 'N', 'N', 'N', 'N', 'N', 'N', 'N', 'N', 'N', 'N', 'N', 'N', 'N', 'N', 'N', 'N', 'N', 'N', 'N', 'N', 'N', 'N', 'N', 'N', 'N', 'N', 'N', 'N', 'N', 'N', 'N', 'N', 'N', 'N', 'N', 'N', 'N', 'N', 7, 3, 1, 15, 27, 1, 15, 25, 1, 16, 24, 1, 17, 22, 1, 19, 20, 1, 19, 18, 1, 20, 18, 1, 20, 17, 1, 19, 17, 1, 19, 17, 2, 18, 17, 2, 17, 16, 2, 15, 16, 2, 13, 15, 2, 12, 15, 2, 11, 15, 2, 12, 15, 2, 13, 14, 2, 14, 13, 2, 15, 11, 2, 16, 10, 2, 16, 9, 3, 16, 9, 3, 15, 9, 3, 15, 9, 3, 15, 9, 4, 15, 9, 4, 15, 9, 4, 16, 9, 4, 16, 9, 4, 15, 9, 4, 15, 8, 4, 14, 8, 4, 13, 7, 4, 12, 7, 4, 11, 7, 4, 10, 7, 4, 9, 7, 4, 9, 7, 4, 9, 7, 3, 8, 7, 3, 8, 6, 3, 7, 6, 3, 7, 6, 3, 6, 5, 3, 1, 3, 3, 'N', 'N', 'N', 'N', 'N', 'N', 'N', 'N', 'N', 'N', 'N', 'N', 'N', 'N', 'N', 'N', 'N', 'N', 'N', 'N', 'N', 'N', 'N', 'N', 'N', 'N', 'N', 'N', 'N', 'N', 'N', 'N', 'N', 'N', 'N', 'N', 'N', 'N', 'N', 'N', 'N', 'N', 'N', 'N', 'N', 'N', 'N', 'N', 17, 10, 1, 29, 18, 1, 32, 18, 1, 34, 18, 1, 36, 18, 1, 38, 18, 1, 40, 18, 1, 41, 19, 1, 43, 20, 1, 44, 21, 1, 45, 23, 1, 44, 23, 1, 44, 23, 1, 41, 22, 1, 38, 21, 1, 35, 19, 1, 31, 19, 1, 29, 19, 1, 27, 20, 1, 25, 20, 1, 24, 21, 1, 20, 20, 1, 18, 20, 1, 15, 21, 1, 14, 22, 1, 13, 23, 1, 13, 24, 1, 12, 24, 1, 11, 25, 2, 11, 25, 2, 11, 24, 2, 11, 23, 3, 10, 22, 3, 11, 23, 3, 11, 23, 3, 12, 24, 4, 13, 24, 4, 14, 23, 4, 14, 21, 4, 14, 19, 4, 13, 18, 4, 13, 17, 4, 13, 16, 4, 14, 15, 4, 14, 14, 4, 15, 12, 4, 15, 11, 3, 15, 10, 3, 11, 8, 1, 'N', 'N', 'N', 'N', 'N', 'N', 'N', 'N', 'N', 'N', 'N', 'N', 'N', 'N', 'N', 'N', 'N', 'N', 'N', 'N', 'N', 'N', 'N', 'N', 'N', 'N', 'N', 'N', 'N', 'N', 'N', 'N', 'N']",5,INT 42.72%
,,,,,10,INT 44.30%
,,,,,25,INT 45.27%
,,,,,50,INT 46.16%
,,,,,100,INT 47.03%
,,,,,200,INT 47.87%
,,,20,"[0, 'N', 'N', 'N', 'N', 'N', 'N', 26, 55, 2, 43, 54, 2, 46, 46, 2, 48, 41, 2, 50, 37, 2, 52, 35, 2, 50, 35, 3, 47, 38, 3, 43, 42, 3, 39, 45, 3, 37, 48, 4, 35, 48, 4, 35, 47, 4, 35, 46, 4, 36, 44, 4, 36, 42, 4, 35, 40, 4, 34, 37, 4, 33, 35, 4, 31, 33, 4, 31, 31, 4, 30, 30, 4, 29, 30, 4, 29, 29, 4, 29, 29, 4, 29, 29, 4, 29, 29, 4, 28, 28, 3, 29, 27, 3, 29, 27, 3, 30, 26, 3, 30, 26, 3, 31, 25, 3, 31, 25, 3, 30, 25, 3, 30, 25, 2, 39, 30, 2, 33, 24, 3, 'N', 'N', 'N', 'N', 'N', 'N', 'N', 'N', 'N', 'N', 'N', 'N', 'N', 'N', 'N', 'N', 'N', 'N', 'N', 'N', 'N', 'N', 'N', 'N', 'N', 'N', 'N', 'N', 'N', 'N', 'N', 'N', 'N', 'N', 'N', 'N', 'N', 'N', 'N', 'N', 'N', 'N', 'N', 'N', 'N', 'N', 'N', 'N', 'N', 'N', 'N', 'N', 'N', 'N', 'N', 'N', 'N', 'N', 'N', 'N', 'N', 'N', 'N', 'N', 'N', 'N', 'N', 'N', 'N', 'N', 'N', 'N', 'N', 'N', 'N', 'N', 'N', 'N', 9, 5, 1, 20, 36, 1, 21, 34, 1, 22, 31, 1, 23, 29, 2, 25, 27, 2, 26, 25, 2, 26, 23, 2, 26, 23, 2, 26, 22, 2, 25, 22, 2, 24, 22, 2, 22, 22, 2, 20, 21, 2, 17, 20, 2, 16, 21, 2, 15, 20, 2, 16, 19, 2, 18, 18, 2, 19, 17, 3, 21, 15, 3, 21, 13, 3, 21, 12, 3, 21, 12, 4, 21, 12, 4, 20, 12, 4, 20, 12, 5, 20, 12, 5, 21, 12, 5, 21, 12, 5, 21, 12, 5, 21, 12, 6, 20, 11, 5, 19, 10, 5, 17, 10, 5, 16, 10, 5, 15, 10, 5, 13, 10, 5, 13, 10, 5, 12, 10, 5, 11, 9, 5, 11, 9, 5, 10, 8, 4, 10, 8, 4, 9, 7, 4, 8, 7, 4, 1, 4, 5, 'N', 'N', 'N', 'N', 'N', 'N', 'N', 'N', 'N', 'N', 'N', 'N', 'N', 'N', 'N', 'N', 'N', 'N', 'N', 'N', 'N', 'N', 'N', 'N', 'N', 'N', 'N', 'N', 'N', 'N', 'N', 'N', 'N', 'N', 'N', 'N', 'N', 'N', 'N', 'N', 'N', 'N', 'N', 'N', 'N', 'N', 'N', 'N', 22, 14, 1, 39, 23, 2, 43, 24, 1, 46, 24, 1, 48, 24, 1, 50, 24, 1, 53, 24, 1, 55, 25, 1, 57, 27, 1, 59, 29, 1, 59, 30, 1, 59, 31, 1, 58, 31, 1, 55, 30, 1, 51, 28, 1, 46, 26, 1, 41, 25, 1, 38, 25, 1, 36, 26, 1, 33, 27, 1, 31, 28, 1, 27, 27, 1, 24, 27, 1, 20, 28, 1, 18, 29, 1, 18, 31, 2, 17, 32, 2, 16, 32, 2, 15, 34, 2, 15, 33, 2, 15, 33, 3, 14, 31, 3, 14, 30, 4, 14, 30, 4, 14, 31, 5, 16, 32, 5, 17, 32, 5, 18, 30, 5, 18, 28, 5, 18, 26, 5, 18, 23, 5, 17, 22, 5, 18, 21, 5, 18, 20, 5, 19, 18, 5, 20, 16, 5, 20, 15, 5, 20, 13, 4, 15, 11, 2, 'N', 'N', 'N', 'N', 'N', 'N', 'N', 'N', 'N', 'N', 'N', 'N', 'N', 'N', 'N', 'N', 'N', 'N', 'N', 'N', 'N', 'N', 'N', 'N', 'N', 'N', 'N', 'N', 'N', 'N', 'N', 'N', 'N']",5,INT 42.56%
,,,,,10,INT 44.43%
,,,,,25,INT 45.51%
,,,,,50,INT 46.41%
,,,,,100,INT 47.29%
,,,,,200,INT 48.13%
,,,30,"[0, 'N', 'N', 'N', 'N', 'N', 'N', 39, 82, 3, 65, 81, 3, 68, 69, 3, 72, 61, 3, 75, 55, 3, 78, 53, 4, 75, 53, 4, 70, 57, 4, 64, 63, 5, 59, 68, 5, 55, 71, 5, 53, 72, 6, 52, 70, 6, 53, 69, 6, 54, 66, 6, 54, 63, 6, 52, 60, 6, 51, 56, 6, 49, 52, 6, 47, 49, 6, 46, 47, 6, 45, 45, 6, 44, 44, 6, 43, 44, 6, 43, 44, 6, 43, 43, 6, 43, 43, 5, 43, 42, 5, 43, 41, 5, 44, 40, 5, 44, 39, 5, 45, 38, 4, 46, 38, 4, 46, 37, 4, 46, 37, 4, 45, 37, 4, 58, 46, 3, 50, 36, 4, 'N', 'N', 'N', 'N', 'N', 'N', 'N', 'N', 'N', 'N', 'N', 'N', 'N', 'N', 'N', 'N', 'N', 'N', 'N', 'N', 'N', 'N', 'N', 'N', 'N', 'N', 'N', 'N', 'N', 'N', 'N', 'N', 'N', 'N', 'N', 'N', 'N', 'N', 'N', 'N', 'N', 'N', 'N', 'N', 'N', 'N', 'N', 'N', 'N', 'N', 'N', 'N', 'N', 'N', 'N', 'N', 'N', 'N', 'N', 'N', 'N', 'N', 'N', 'N', 'N', 'N', 'N', 'N', 'N', 'N', 'N', 'N', 'N', 'N', 'N', 'N', 'N', 'N', 14, 7, 1, 30, 53, 2, 31, 51, 2, 33, 47, 2, 35, 44, 2, 37, 40, 3, 39, 37, 3, 40, 35, 3, 39, 34, 3, 39, 34, 3, 38, 34, 3, 36, 33, 3, 34, 33, 3, 29, 31, 3, 26, 31, 3, 23, 31, 3, 23, 30, 3, 24, 29, 3, 26, 28, 4, 29, 25, 4, 31, 23, 4, 32, 20, 5, 32, 18, 5, 32, 18, 6, 31, 18, 6, 30, 18, 7, 30, 18, 7, 31, 18, 7, 31, 18, 8, 31, 18, 8, 31, 18, 8, 31, 17, 8, 29, 16, 8, 28, 15, 8, 26, 15, 8, 24, 15, 8, 22, 15, 8, 20, 15, 8, 19, 15, 7, 18, 15, 7, 17, 14, 7, 16, 13, 7, 16, 12, 7, 15, 11, 6, 14, 11, 6, 12, 10, 6, 2, 6, 7, 'N', 'N', 'N', 'N', 'N', 'N', 'N', 'N', 'N', 'N', 'N', 'N', 'N', 'N', 'N', 'N', 'N', 'N', 'N', 'N', 'N', 'N', 'N', 'N', 'N', 'N', 'N', 'N', 'N', 'N', 'N', 'N', 'N', 'N', 'N', 'N', 'N', 'N', 'N', 'N', 'N', 'N', 'N', 'N', 'N', 'N', 'N', 'N', 33, 21, 2, 59, 35, 2, 65, 36, 2, 68, 36, 2, 72, 36, 2, 76, 36, 2, 79, 36, 2, 82, 38, 2, 85, 40, 2, 88, 43, 2, 89, 45, 2, 89, 47, 2, 87, 47, 2, 82, 45, 2, 77, 42, 2, 69, 39, 2, 62, 37, 2, 57, 38, 2, 54, 40, 2, 50, 41, 2, 47, 42, 2, 41, 40, 2, 36, 40, 2, 31, 42, 2, 27, 43, 2, 27, 47, 2, 26, 48, 2, 24, 49, 3, 23, 51, 3, 22, 49, 4, 22, 49, 4, 22, 47, 5, 21, 45, 6, 21, 45, 6, 21, 46, 7, 23, 48, 7, 26, 48, 8, 27, 45, 8, 28, 42, 8, 27, 38, 8, 26, 35, 8, 26, 33, 8, 27, 31, 8, 27, 29, 8, 29, 27, 7, 29, 25, 7, 30, 22, 7, 31, 20, 7, 22, 17, 2, 'N', 'N', 'N', 'N', 'N', 'N', 'N', 'N', 'N', 'N', 'N', 'N', 'N', 'N', 'N', 'N', 'N', 'N', 'N', 'N', 'N', 'N', 'N', 'N', 'N', 'N', 'N', 'N', 'N', 'N', 'N', 'N', 'N']",5,INT 42.16%
,,,,,10,INT 44.38%
,,,,,25,INT 45.70%
,,,,,50,INT 46.64%
,,,,,100,INT 47.53%
,,,,,200,INT 48.38%
SolarAnywhere,solar-anywhere-2011.csv,8.759,,,
,,,0,"[0, 0, 0, 0, 0, 0, 0, 0, 0, 0, 0, 0, 0, 0, 0, 0, 0, 0, 0, 0, 0, 0, 0, 0, 0, 0, 0, 0, 0, 0, 0, 0, 0, 0, 0, 0, 0]",5,INT 34.34%,INT 34.34%,INT 34.34%
,,,,,10,INT 35.31%,INT 35.31%,INT 35.31%
,,,,,25,INT 36.24%,INT 36.25%,INT 36.25%
,,,,,50,INT 37.16%,INT 37.16%,INT 37.16%
,,,,,100,INT 38.04%,INT 38.05%,INT 38.05%
,,,,,200,INT 38.91%,INT 38.91%,INT 38.91%
,,,1,"[0, 3, 3, 1, 3, 3, 1, 3, 3, 1, 3, 3, 1, 3, 3, 1, 3, 3, 1, 3, 3, 1, 3, 3, 1, 3, 3, 1, 3, 3, 1, 3, 3, 1, 3, 3, 1]",5,INT 36.02%,INT 35.53%,INT 36.01%
,,,,,10,INT 37.24%,INT 36.63%,INT 37.13%
,,,,,25,INT 39.28%,INT 38.04%,INT 38.59%
,,,,,50,INT 40.26%,INT 39.00%,INT 39.57%
,,,,,100,INT 41.22%,INT 39.93%,INT 40.52%
,,,,,200,INT 42.16%,INT 40.84%,INT 41.44%
,,,3,"[0, 8, 8, 3, 8, 8, 3, 9, 9, 3, 8, 8, 3, 8, 8, 3, 9, 9, 3, 8, 8, 3, 8, 8, 3, 8, 9, 3, 8, 8, 3, 8, 8, 3, 9, 9, 3]",5,INT 36.84%,INT 36.16%,INT 36.00%
,,,,,10,INT 38.17%,INT 37.66%,INT 37.25%
,,,,,25,INT 41.10%,INT 39.82%,INT 39.29%
,,,,,50,INT 42.13%,INT 40.85%,INT 40.28%
,,,,,100,INT 43.14%,INT 41.83%,INT 41.24%
,,,,,200,INT 44.11%,INT 42.78%,INT 42.17%
,,,5,"[0, 14, 14, 5, 13, 13, 5, 14, 15, 5, 13, 14, 5, 13, 14, 5, 14, 15, 5, 13, 13, 5, 14, 13, 5, 14, 14, 5, 13, 13, 5, 14, 14, 5, 14, 15, 5]",5,INT 37.45%,INT 36.55%,INT 36.16%
,,,,,10,INT 38.98%,INT 38.23%,INT 37.44%
,,,,,25,INT 42.55%,INT 41.00%,INT 39.66%
,,,,,50,INT 43.62%,INT 42.06%,INT 40.66%
,,,,,100,INT 44.66%,INT 43.07%,INT 41.63%
,,,,,200,INT 45.67%,INT 44.06%,INT 42.57%
,,,10,"[0, 27, 28, 10, 27, 27, 10, 28, 30, 9, 27, 27, 10, 27, 27, 10, 29, 29, 9, 26, 27, 10, 27, 27, 10, 28, 29, 10, 27, 27, 10, 28, 28, 10, 29, 29, 9]",5,INT 38.57%,INT 37.29%,INT 37.16%
,,,,,10,INT 40.56%,INT 39.33%,INT 38.68%
,,,,,25,INT 44.61%,INT 42.45%,INT 40.84%
,,,,,50,INT 45.73%,INT 43.60%,INT 41.87%
,,,,,100,INT 46.82%,INT 44.65%,INT 42.87%
,,,,,200,INT 47.88%,INT 45.68%,INT 43.84%
,,,15,"[0, 41, 41, 15, 40, 40, 15, 43, 44, 14, 40, 41, 15, 40, 41, 15, 43, 44, 14, 40, 40, 15, 41, 40, 15, 42, 43, 14, 40, 40, 15, 41, 42, 15, 43, 44, 14]",5,INT 39.80%,INT 38.11%,INT 38.09%
,,,,,10,INT 42.49%,INT 40.48%,INT 40.01%
,,,,,25,INT 46.49%,INT 43.40%,INT 41.94%
,,,,,50,INT 47.66%,INT 44.63%,INT 43.00%
,,,,,100,INT 48.80%,INT 45.71%,INT 44.02%
,,,,,200,INT 49.90%,INT 46.75%,INT 45.02%
,,,20,"[0, 55, 55, 19, 54, 54, 20, 57, 59, 18, 54, 54, 20, 54, 54, 20, 57, 59, 18, 53, 53, 20, 54, 54, 20, 56, 57, 19, 54, 54, 20, 55, 56, 19, 57, 58, 18]",5,INT 40.88%,INT 39.06%,INT 38.84%
,,,,,10,INT 44.45%,INT 41.86%,INT 41.28%
,,,,,25,INT 48.30%,INT 44.93%,INT 43.12%
,,,,,50,INT 49.52%,INT 46.23%,INT 44.21%
,,,,,100,INT 50.70%,INT 47.35%,INT 45.26%
,,,,,200,INT 51.84%,INT 48.44%,INT 46.29%
,,,30,"[0, 82, 83, 29, 81, 81, 30, 85, 89, 27, 81, 82, 29, 81, 81, 30, 86, 88, 27, 79, 80, 30, 81, 80, 30, 83, 86, 29, 81, 81, 30, 83, 84, 29, 86, 88, 28]",5,INT 41.85%,INT 40.57%,INT 39.91%
,,,,,10,INT 47.20%,INT 44.65%,INT 43.82%
,,,,,25,INT 51.41%,INT 48.61%,INT 45.45%
,,,,,50,INT 52.75%,INT 50.12%,INT 46.60%
,,,,,100,INT 54.01%,INT 51.34%,INT 47.71%
,,,,,200,INT 55.23%,INT 52.53%,INT 48.79%
,solar-anywhere-2012.csv,8.759,,,
,,,0,"[0, 0, 0, 0, 0, 0, 0, 0, 0, 0, 0, 0, 0, 0, 0, 0, 0, 0, 0, 0, 0, 0, 0, 0, 0, 0, 0, 0, 0, 0, 0, 0, 0, 0, 0, 0, 0]",5,INT 34.34%,INT 34.34%,INT 34.34%
,,,,,10,INT 35.31%,INT 35.31%,INT 35.31%
,,,,,25,INT 36.25%,INT 36.25%,INT 36.25%
,,,,,50,INT 37.16%,INT 37.16%,INT 37.16%
,,,,,100,INT 38.05%,INT 38.05%,INT 38.05%
,,,,,200,INT 38.91%,INT 38.91%,INT 38.91%
,,,1,"[0, 3, 3, 1, 3, 3, 1, 3, 3, 1, 3, 3, 1, 3, 3, 1, 3, 3, 1, 3, 3, 1, 3, 3, 1, 3, 3, 1, 3, 3, 1, 3, 3, 1, 3, 3, 1]",5,INT 36.02%,INT 35.68%,INT 35.95%
,,,,,10,INT 37.23%,INT 36.81%,INT 37.05%
,,,,,25,INT 39.22%,INT 38.13%,INT 38.61%
,,,,,50,INT 40.20%,INT 39.10%,INT 39.59%
,,,,,100,INT 41.16%,INT 40.03%,INT 40.54%
,,,,,200,INT 42.09%,INT 40.94%,INT 41.46%
,,,3,"[0, 8, 8, 3, 8, 8, 3, 8, 8, 3, 8, 8, 3, 8, 8, 3, 8, 9, 3, 8, 8, 3, 8, 8, 3, 8, 8, 3, 8, 8, 3, 8, 8, 3, 8, 8, 3]",5,INT 36.82%,INT 36.27%,INT 36.11%
,,,,,10,INT 38.18%,INT 37.83%,INT 37.37%
,,,,,25,INT 40.89%,INT 39.96%,INT 39.41%
,,,,,50,INT 41.92%,INT 41.00%,INT 40.40%
,,,,,100,INT 42.92%,INT 41.99%,INT 41.36%
,,,,,200,INT 43.89%,INT 42.94%,INT 42.30%
,,,5,"[0, 13, 13, 5, 13, 13, 5, 14, 14, 5, 13, 13, 5, 13, 13, 5, 14, 14, 5, 13, 13, 5, 13, 13, 5, 14, 14, 5, 13, 13, 5, 14, 14, 5, 14, 14, 5]",5,INT 37.55%,INT 36.63%,INT 36.26%
,,,,,10,INT 39.09%,INT 38.36%,INT 37.56%
,,,,,25,INT 42.47%,INT 41.06%,INT 39.97%
,,,,,50,INT 43.54%,INT 42.13%,INT 40.98%
,,,,,100,INT 44.57%,INT 43.15%,INT 41.96%
,,,,,200,INT 45.58%,INT 44.12%,INT 42.91%
,,,10,"[0, 27, 27, 10, 26, 26, 10, 28, 28, 10, 26, 27, 10, 26, 27, 10, 28, 29, 9, 26, 26, 10, 27, 26, 10, 27, 28, 10, 27, 27, 10, 27, 28, 10, 28, 28, 10]",5,INT 38.56%,INT 37.35%,INT 37.24%
,,,,,10,INT 40.54%,INT 39.43%,INT 38.81%
,,,,,25,INT 44.50%,INT 42.54%,INT 41.07%
,,,,,50,INT 45.62%,INT 43.69%,INT 42.10%
,,,,,100,INT 46.70%,INT 44.75%,INT 43.10%
,,,,,200,INT 47.76%,INT 45.76%,INT 44.08%
,,,15,"[0, 40, 40, 15, 39, 40, 16, 41, 42, 14, 40, 40, 15, 40, 40, 15, 42, 43, 14, 39, 39, 16, 40, 40, 15, 41, 42, 15, 40, 40, 15, 41, 42, 15, 42, 42, 15]",5,INT 39.79%,INT 38.09%,INT 38.21%
,,,,,10,INT 42.38%,INT 40.58%,INT 40.14%
,,,,,25,INT 46.28%,INT 43.64%,INT 42.28%
,,,,,50,INT 47.45%,INT 44.88%,INT 43.34%
,,,,,100,INT 48.58%,INT 45.97%,INT 44.37%
,,,,,200,INT 49.68%,INT 47.01%,INT 45.38%
,,,20,"[0, 54, 54, 20, 53, 53, 21, 55, 56, 19, 53, 53, 21, 53, 53, 21, 56, 57, 19, 52, 52, 21, 53, 53, 21, 55, 56, 20, 53, 54, 21, 55, 56, 20, 56, 56, 20]",5,INT 40.94%,INT 39.06%,INT 39.15%
,,,,,10,INT 44.42%,INT 42.03%,INT 41.76%
,,,,,25,INT 48.01%,INT 45.16%,INT 43.64%
,,,,,50,INT 49.22%,INT 46.50%,INT 44.74%
,,,,,100,INT 50.39%,INT 47.65%,INT 45.81%
,,,,,200,INT 51.53%,INT 48.73%,INT 46.84%
,,,30,"[0, 81, 81, 30, 79, 79, 31, 83, 85, 29, 79, 80, 31, 79, 80, 31, 84, 86, 28, 79, 78, 31, 80, 79, 31, 82, 85, 29, 80, 80, 31, 82, 83, 30, 84, 85, 29]",5,INT 41.95%,INT 40.58%,INT 40.00%
,,,,,10,INT 47.34%,INT 44.81%,INT 43.95%
,,,,,25,INT 51.24%,INT 48.59%,INT 45.87%
,,,,,50,INT 52.54%,INT 50.17%,INT 47.03%
,,,,,100,INT 53.79%,INT 51.44%,INT 48.15%
,,,,,200,INT 55.01%,INT 52.60%,INT 49.24%
,solar-anywhere-2013.csv,8.759,,,
,,,0,"[0, 0, 0, 0, 0, 0, 0, 0, 0, 0, 0, 0, 0, 0, 0, 0, 0, 0, 0, 0, 0, 0, 0, 0, 0, 0, 0, 0, 0, 0, 0, 0, 0, 0, 0, 0, 0]",5,INT 34.34%,INT 34.34%,INT 34.34%
,,,,,10,INT 35.31%,INT 35.31%,INT 35.31%
,,,,,25,INT 36.25%,INT 36.25%,INT 36.25%
,,,,,50,INT 37.16%,INT 37.16%,INT 37.16%
,,,,,100,INT 38.05%,INT 38.05%,INT 38.05%
,,,,,200,INT 38.91%,INT 38.91%,INT 38.91%
,,,1,"[0, 3, 3, 1, 3, 3, 1, 3, 3, 1, 3, 3, 1, 3, 3, 1, 3, 3, 1, 3, 2, 1, 3, 3, 1, 3, 3, 1, 3, 3, 1, 3, 3, 1, 3, 3, 1]",5,INT 35.98%,INT 35.60%,INT 35.96%
,,,,,10,INT 37.18%,INT 36.74%,INT 37.06%
,,,,,25,INT 39.20%,INT 38.14%,INT 38.44%
,,,,,50,INT 40.18%,INT 39.12%,INT 39.41%
,,,,,100,INT 41.14%,INT 40.05%,INT 40.35%
,,,,,200,INT 42.07%,INT 40.96%,INT 41.27%
,,,3,"[0, 8, 8, 3, 8, 8, 3, 8, 8, 3, 8, 8, 3, 8, 8, 3, 8, 8, 3, 8, 7, 3, 8, 8, 3, 8, 8, 3, 8, 8, 3, 8, 8, 3, 8, 8, 3]",5,INT 36.76%,INT 36.20%,INT 36.11%
,,,,,10,INT 38.08%,INT 37.69%,INT 37.37%
,,,,,25,INT 40.92%,INT 39.88%,INT 39.42%
,,,,,50,INT 41.95%,INT 40.91%,INT 40.41%
,,,,,100,INT 42.95%,INT 41.89%,INT 41.38%
,,,,,200,INT 43.92%,INT 42.84%,INT 42.31%
,,,5,"[0, 13, 13, 5, 13, 13, 5, 14, 13, 5, 13, 13, 5, 13, 13, 5, 14, 14, 5, 13, 12, 5, 13, 13, 5, 14, 14, 5, 13, 13, 5, 14, 14, 5, 14, 14, 5]",5,INT 37.28%,INT 36.60%,INT 36.30%
,,,,,10,INT 38.75%,INT 38.24%,INT 37.61%
,,,,,25,INT 42.22%,INT 40.89%,INT 39.94%
,,,,,50,INT 43.28%,INT 41.97%,INT 40.94%
,,,,,100,INT 44.32%,INT 42.99%,INT 41.92%
,,,,,200,INT 45.32%,INT 43.96%,INT 42.87%
,,,10,"[0, 26, 26, 10, 26, 25, 11, 27, 27, 10, 26, 25, 10, 26, 25, 11, 27, 27, 10, 26, 25, 11, 26, 25, 11, 28, 28, 10, 27, 26, 11, 27, 27, 10, 28, 28, 10]",5,INT 38.42%,INT 37.37%,INT 37.24%
,,,,,10,INT 40.31%,INT 39.44%,INT 38.81%
,,,,,25,INT 44.14%,INT 42.46%,INT 41.03%
,,,,,50,INT 45.25%,INT 43.62%,INT 42.06%
,,,,,100,INT 46.33%,INT 44.67%,INT 43.06%
,,,,,200,INT 47.37%,INT 45.68%,INT 44.04%
,,,15,"[0, 39, 39, 16, 39, 38, 16, 41, 40, 15, 39, 38, 16, 40, 38, 16, 41, 41, 15, 39, 37, 16, 40, 38, 16, 41, 42, 15, 40, 38, 16, 41, 41, 15, 42, 42, 14]",5,INT 39.68%,INT 38.18%,INT 38.15%
,,,,,10,INT 42.27%,INT 40.56%,INT 40.04%
,,,,,25,INT 46.00%,INT 43.66%,INT 42.08%
,,,,,50,INT 47.16%,INT 44.89%,INT 43.13%
,,,,,100,INT 48.28%,INT 45.98%,INT 44.16%
,,,,,200,INT 49.38%,INT 47.02%,INT 45.16%
,,,20,"[0, 53, 51, 21, 52, 50, 21, 54, 53, 20, 52, 51, 21, 53, 50, 21, 55, 55, 20, 52, 49, 22, 53, 50, 21, 55, 55, 20, 53, 51, 21, 55, 54, 20, 56, 56, 19]",5,INT 40.79%,INT 38.97%,INT 38.98%
,,,,,10,INT 44.21%,INT 41.87%,INT 41.33%
,,,,,25,INT 47.82%,INT 45.17%,INT 43.11%
,,,,,50,INT 49.02%,INT 46.49%,INT 44.19%
,,,,,100,INT 50.19%,INT 47.62%,INT 45.25%
,,,,,200,INT 51.32%,INT 48.70%,INT 46.27%
,,,30,"[0, 79, 77, 31, 78, 75, 32, 81, 80, 30, 78, 76, 31, 79, 75, 32, 82, 82, 30, 78, 74, 32, 79, 76, 32, 83, 83, 30, 80, 77, 32, 82, 81, 30, 84, 84, 29]",5,INT 41.91%,INT 40.55%,INT 40.10%
,,,,,10,INT 47.32%,INT 44.67%,INT 43.93%
,,,,,25,INT 51.10%,INT 48.35%,INT 45.37%
,,,,,50,INT 52.39%,INT 49.88%,INT 46.51%
,,,,,100,INT 53.64%,INT 51.10%,INT 47.62%
,,,,,200,INT 54.85%,INT 52.26%,INT 48.70%
,solar-anywhere-2014.csv,8.759,,,
,,,0,"[0, 0, 0, 0, 0, 0, 0, 0, 0, 0, 0, 0, 0, 0, 0, 0, 0, 0, 0, 0, 0, 0, 0, 0, 0, 0, 0, 0, 0, 0, 0, 0, 0, 0, 0, 0, 0]",5,INT 34.34%,INT 34.34%,INT 34.34%
,,,,,10,INT 35.30%,INT 35.31%,INT 35.31%
,,,,,25,INT 36.24%,INT 36.25%,INT 36.25%
,,,,,50,INT 37.16%,INT 37.16%,INT 37.16%
,,,,,100,INT 38.04%,INT 38.05%,INT 38.05%
,,,,,200,INT 38.91%,INT 38.91%,INT 38.91%
,,,1,"[0, 3, 3, 1, 3, 3, 1, 3, 3, 1, 3, 3, 1, 3, 3, 1, 3, 3, 1, 3, 3, 1, 3, 3, 1, 3, 3, 1, 3, 3, 1, 3, 3, 1, 3, 3, 1]",5,INT 36.06%,INT 35.60%,INT 35.95%
,,,,,10,INT 37.28%,INT 36.75%,INT 37.04%
,,,,,25,INT 39.25%,INT 38.11%,INT 38.44%
,,,,,50,INT 40.24%,INT 39.08%,INT 39.41%
,,,,,100,INT 41.20%,INT 40.01%,INT 40.35%
,,,,,200,INT 42.13%,INT 40.92%,INT 41.27%
,,,3,"[0, 8, 8, 3, 8, 8, 3, 8, 8, 3, 8, 8, 3, 8, 8, 3, 8, 9, 3, 8, 8, 3, 8, 8, 3, 8, 9, 3, 8, 8, 3, 9, 9, 3, 9, 9, 3]",5,INT 36.83%,INT 36.19%,INT 36.17%
,,,,,10,INT 38.13%,INT 37.70%,INT 37.46%
,,,,,25,INT 40.94%,INT 40.04%,INT 39.45%
,,,,,50,INT 41.97%,INT 41.07%,INT 40.44%
,,,,,100,INT 42.97%,INT 42.05%,INT 41.40%
,,,,,200,INT 43.95%,INT 43.00%,INT 42.34%
,,,5,"[0, 13, 14, 5, 13, 13, 5, 14, 14, 5, 13, 13, 5, 13, 13, 5, 14, 14, 5, 13, 13, 5, 13, 13, 5, 14, 14, 5, 14, 13, 5, 14, 14, 5, 14, 15, 5]",5,INT 37.44%,INT 36.51%,INT 36.31%
,,,,,10,INT 38.97%,INT 38.15%,INT 37.65%
,,,,,25,INT 42.48%,INT 40.89%,INT 40.02%
,,,,,50,INT 43.55%,INT 41.97%,INT 41.03%
,,,,,100,INT 44.58%,INT 42.97%,INT 42.01%
,,,,,200,INT 45.59%,INT 43.95%,INT 42.96%
,,,10,"[0, 27, 27, 10, 27, 27, 10, 28, 28, 10, 27, 27, 10, 27, 27, 10, 28, 28, 10, 27, 26, 10, 27, 27, 10, 28, 29, 10, 27, 27, 10, 28, 28, 10, 29, 29, 9]",5,INT 38.60%,INT 37.27%,INT 37.27%
,,,,,10,INT 40.61%,INT 39.26%,INT 38.84%
,,,,,25,INT 44.73%,INT 42.34%,INT 41.19%
,,,,,50,INT 45.86%,INT 43.51%,INT 42.23%
,,,,,100,INT 46.96%,INT 44.56%,INT 43.24%
,,,,,200,INT 48.02%,INT 45.57%,INT 44.21%
,,,15,"[0, 40, 41, 15, 40, 40, 15, 42, 42, 14, 40, 40, 15, 40, 40, 15, 42, 43, 14, 40, 39, 16, 40, 40, 16, 42, 43, 14, 41, 40, 15, 43, 43, 15, 43, 44, 14]",5,INT 39.83%,INT 38.10%,INT 38.14%
,,,,,10,INT 42.56%,INT 40.51%,INT 40.11%
,,,,,25,INT 46.54%,INT 43.66%,INT 42.24%
,,,,,50,INT 47.71%,INT 44.88%,INT 43.31%
,,,,,100,INT 48.85%,INT 45.98%,INT 44.34%
,,,,,200,INT 49.96%,INT 47.02%,INT 45.35%
,,,20,"[0, 54, 54, 20, 54, 53, 20, 56, 56, 19, 54, 53, 21, 54, 53, 20, 56, 57, 19, 53, 52, 21, 54, 53, 21, 57, 58, 19, 54, 54, 21, 57, 57, 20, 57, 58, 19]",5,INT 40.90%,INT 38.94%,INT 39.04%
,,,,,10,INT 44.43%,INT 41.85%,INT 41.55%
,,,,,25,INT 48.21%,INT 45.22%,INT 43.33%
,,,,,50,INT 49.44%,INT 46.50%,INT 44.42%
,,,,,100,INT 50.62%,INT 47.65%,INT 45.48%
,,,,,200,INT 51.76%,INT 48.73%,INT 46.51%
,,,30,"[0, 81, 81, 30, 81, 80, 31, 84, 84, 29, 81, 80, 31, 80, 80, 31, 85, 85, 29, 80, 78, 31, 81, 80, 31, 85, 87, 29, 81, 80, 31, 85, 85, 29, 86, 87, 28]",5,INT 41.99%,INT 40.57%,INT 40.13%
,,,,,10,INT 47.44%,INT 44.77%,INT 44.05%
,,,,,25,INT 51.61%,INT 48.39%,INT 45.64%
,,,,,50,INT 52.96%,INT 49.89%,INT 46.80%
,,,,,100,INT 54.22%,INT 51.16%,INT 47.92%
,,,,,200,INT 55.45%,INT 52.33%,INT 49.00%
ElNino,el-nino.csv,6.371,,,
,,,0,"[0, 0, 0, 0, 0, 0, 0, 0, 0, 0, 0, 0, 0, 0, 0, 0, 0, 0, 0, 0, 0, 0, 0, 0, 0, 0, 0, 0, 0, 0, 0, 0, 0, 0, 0, 0, 0, 0, 0, 0, 0, 0, 0, 0, 0, 0, 0, 0, 0, 0, 0, 0, 0, 0, 0, 0, 0, 0, 0, 0, 0, 0, 0, 0, 0, 0, 0, 0, 0, 0, 0, 0, 0, 0, 0, 0, 0, 0, 0, 0, 0, 0, 0, 0, 0, 0, 0, 0, 0, 0, 0, 0, 0, 0, 0, 0, 0, 0, 0, 0, 0, 0, 0, 0, 0, 0, 0, 0, 0, 0, 'N', 0, 'N', 0, 0, 0, 0, 'N', 0, 'N', 0, 0, 0, 0, 0, 0, 0, 0, 0, 0, 0, 0, 0, 0, 0, 0, 0, 0, 0, 0, 0, 0, 0, 0, 0, 0, 0, 0, 0, 0, 0, 0, 0, 0, 0, 0, 0, 0, 0, 0, 0, 0, 0, 0, 0, 0, 0, 0, 0, 0, 0, 0, 0, 'N', 0, 'N', 0, 0, 0, 0, 0, 0, 0, 0, 0, 0, 0, 0, 0, 0, 0, 0, 0, 0, 0, 0, 0, 0, 0, 0, 0, 0, 0, 0, 0, 0, 0, 0, 0, 0, 0, 0, 0, 0, 0, 0, 0, 0, 0, 0, 0, 0, 0, 0, 0, 0, 0, 0, 0, 0, 0, 0, 0, 0, 0, 0, 0, 0, 0, 0, 0, 0, 0, 0, 0, 0, 0, 0, 0, 0, 0, 0, 0, 0, 0, 0, 0, 0, 0, 0, 0, 0, 0, 0, 0, 0, 0, 0, 0, 0, 0, 0, 0, 0, 0, 0, 0, 0, 0, 0, 0, 0, 0, 0, 0, 0, 0, 0, 0, 0, 0, 0, 0, 0, 0, 0, 0, 0, 0, 0, 0, 0, 0, 0, 0, 0, 0, 0, 0, 0, 0, 0, 0, 0, 0, 0, 0, 0, 0, 0, 0, 0, 0, 0, 0, 0, 0, 0, 0, 0, 0, 0, 0, 0, 0, 0, 0, 0, 0, 0, 0, 0, 0, 0, 0, 0, 0, 0, 0, 0, 0, 0, 0, 0, 0, 0, 0, 0, 0, 0, 0, 0, 0, 0, 0, 0, 0, 0, 0, 0, 0, 0, 0, 0, 0, 0, 0, 0, 0, 0, 0, 0, 0, 0, 0, 0, 0, 0, 0, 0, 0, 0, 0, 0, 0, 0, 0, 0, 0, 0, 0, 0, 0, 0, 0, 0, 0, 0, 0, 0, 0, 'N', 0, 0, 0, 0, 0, 0, 0, 0, 0, 0, 0, 0, 0, 'N', 0, 0, 0, 0, 0, 0, 0, 0, 0, 0, 0, 0, 0, 0, 0, 0, 0, 0, 0, 0, 0, 0, 0, 0, 0, 0, 0, 0, 0, 0, 0, 0, 0, 0, 0, 0, 0, 0, 0, 0, 0, 0, 0, 0, 0, 0, 0, 0, 0, 0, 0, 0, 0, 0, 0, 0, 0, 0, 0, 0, 0, 0, 0, 0, 0, 0, 0, 0, 0, 0, 0, 0, 0, 0, 0, 0, 0, 0, 0, 0, 0, 0, 0, 0, 0, 0, 0, 0, 0, 0, 0, 0, 0, 0, 0, 0, 0, 0, 0, 0, 0, 0, 0, 0, 0, 0, 0, 0, 0, 0, 0, 0, 0, 0, 0, 0, 0, 0, 0, 0, 0]",5,INT 37.31%,INT 52.24%,INT 31.34%,INT 31.34%,INT 34.33%,INT 40.30%,INT 40.30%
,,,,,10,INT 38.24%,INT 52.94%,INT 32.35%,INT 32.35%,INT 35.30%,INT 41.18%,INT 41.18%
,,,,,25,INT 39.13%,INT 53.62%,INT 33.33%,INT 33.33%,INT 36.23%,INT 42.03%,INT 42.03%
,,,,,50,INT 40.00%,INT 54.29%,INT 34.29%,INT 34.29%,INT 37.14%,INT 42.86%,INT 42.86%
,,,,,100,INT 40.85%,INT 54.93%,INT 35.21%,INT 35.21%,INT 38.03%,INT 43.66%,INT 43.66%
,,,,,200,INT 41.67%,INT 55.56%,INT 36.11%,INT 36.11%,INT 38.89%,INT 44.45%,INT 44.45%
,,,1,"[0, 0, 0, 0, 0, 0, 2, 2, 0, 0, 0, 0, 1, 2, 2, 0, 0, 0, 0, 0, 1, 2, 0, 0, 0, 0, 0, 1, 1, 0, 0, 0, 0, 0, 1, 1, 0, 1, 0, 0, 0, 1, 0, 0, 0, 0, 0, 0, 1, 1, 0, 0, 0, 0, 0, 1, 1, 0, 0, 0, 0, 0, 1, 0, 0, 0, 0, 0, 0, 1, 0, 0, 0, 0, 0, 0, 1, 1, 0, 0, 0, 0, 1, 1, 0, 0, 0, 0, 0, 0, 1, 1, 0, 2, 0, 0, 0, 1, 1, 0, 0, 0, 0, 1, 3, 3, 0, 0, 0, 0, 'N', 1, 'N', 0, 0, 0, 0, 'N', 1, 'N', 0, 0, 0, 0, 0, 2, 2, 0, 0, 0, 0, 0, 1, 2, 0, 0, 0, 0, 0, 1, 1, 0, 0, 0, 0, 0, 1, 1, 0, 0, 0, 0, 0, 1, 0, 0, 0, 0, 0, 0, 1, 1, 0, 1, 0, 0, 0, 1, 1, 0, 0, 0, 0, 'N', 1, 'N', 0, 0, 0, 0, 0, 1, 1, 0, 0, 0, 0, 1, 1, 1, 0, 0, 0, 0, 0, 1, 1, 0, 0, 0, 0, 0, 2, 2, 0, 0, 0, 0, 0, 2, 2, 0, 0, 0, 0, 0, 1, 2, 0, 0, 0, 0, 1, 1, 1, 0, 0, 0, 0, 0, 1, 1, 0, 0, 0, 0, 1, 1, 1, 0, 0, 0, 0, 0, 1, 1, 0, 0, 0, 0, 0, 1, 1, 0, 0, 0, 0, 0, 1, 1, 0, 0, 0, 0, 0, 2, 3, 0, 0, 0, 0, 1, 1, 1, 0, 0, 0, 0, 1, 1, 1, 0, 0, 0, 0, 0, 1, 1, 0, 0, 0, 0, 0, 1, 1, 0, 0, 0, 0, 0, 1, 1, 0, 0, 0, 0, 0, 1, 1, 0, 0, 0, 0, 0, 1, 1, 0, 0, 0, 0, 0, 1, 1, 0, 0, 0, 0, 1, 1, 1, 0, 0, 0, 0, 0, 1, 0, 0, 0, 0, 0, 1, 1, 1, 0, 0, 0, 0, 0, 2, 2, 0, 0, 0, 0, 0, 1, 1, 0, 0, 0, 0, 0, 1, 1, 0, 0, 0, 0, 0, 1, 1, 0, 0, 0, 0, 0, 1, 1, 0, 0, 0, 0, 1, 1, 0, 0, 0, 0, 0, 0, 1, 1, 0, 0, 0, 0, 0, 1, 0, 0, 0, 0, 0, 1, 2, 3, 0, 0, 0, 0, 'N', 1, 1, 0, 0, 0, 0, 0, 1, 1, 0, 0, 0, 0, 'N', 1, 1, 0, 0, 0, 0, 0, 1, 1, 0, 0, 0, 0, 1, 1, 1, 0, 0, 0, 0, 1, 1, 1, 0, 0, 0, 0, 0, 1, 1, 0, 0, 0, 0, 0, 1, 1, 0, 0, 0, 0, 0, 1, 1, 0, 0, 0, 0, 0, 1, 1, 0, 0, 0, 0, 0, 1, 1, 0, 0, 0, 0, 1, 1, 1, 0, 0, 0, 0, 0, 1, 1, 0, 0, 0, 0, 0, 1, 1, 0, 0, 0, 0, 0, 1, 1, 0, 0, 0, 0, 1, 1, 1, 0, 0, 0, 0, 0, 1, 0, 0, 0, 0, 0, 0, 1, 0, 0, 0, 0, 0, 1, 2, 2, 0, 0, 0, 0, 0, 1, 1]",5,INT 37.31%,INT 52.53%,INT 31.34%,INT 31.34%,INT 34.52%,INT 41.48%,INT 44.46%
,,,,,10,INT 38.24%,INT 53.40%,INT 32.35%,INT 32.35%,INT 35.49%,INT 42.39%,INT 45.58%
,,,,,25,INT 39.13%,INT 54.22%,INT 33.33%,INT 33.33%,INT 36.43%,INT 43.27%,INT 46.53%
,,,,,50,INT 40.00%,INT 54.94%,INT 34.29%,INT 34.29%,INT 37.35%,INT 44.12%,INT 47.45%
,,,,,100,INT 40.85%,INT 55.62%,INT 35.21%,INT 35.21%,INT 38.24%,INT 44.95%,INT 48.34%
,,,,,200,INT 41.67%,INT 56.26%,INT 36.11%,INT 36.11%,INT 39.11%,INT 45.75%,INT 49.21%
,,,3,"[0, 0, 1, 1, 1, 1, 6, 7, 0, 0, 1, 1, 2, 5, 6, 0, 0, 1, 1, 1, 4, 5, 0, 0, 1, 1, 1, 2, 2, 0, 1, 1, 1, 1, 2, 2, 0, 3, 1, 1, 1, 2, 1, 0, 0, 1, 1, 1, 3, 4, 0, 0, 1, 1, 1, 2, 2, 0, 0, 1, 1, 1, 2, 1, 0, 0, 1, 1, 1, 2, 1, 0, 1, 1, 1, 1, 2, 2, 1, 1, 1, 1, 2, 2, 1, 0, 1, 1, 1, 1, 3, 3, 0, 5, 1, 1, 1, 2, 3, 0, 1, 1, 1, 2, 8, 9, 0, 0, 1, 1, 'N', 2, 'N', 0, 0, 1, 0, 'N', 2, 'N', 0, 1, 1, 1, 1, 5, 5, 0, 1, 1, 1, 1, 4, 5, 1, 1, 1, 1, 1, 2, 2, 0, 1, 1, 1, 1, 4, 4, 0, 0, 1, 1, 1, 2, 1, 0, 0, 1, 1, 1, 3, 3, 0, 2, 1, 1, 1, 2, 2, 0, 0, 1, 1, 'N', 3, 'N', 0, 0, 1, 1, 1, 2, 2, 0, 1, 1, 1, 2, 2, 3, 0, 0, 1, 1, 1, 2, 2, 0, 1, 1, 1, 1, 6, 5, 0, 1, 1, 1, 1, 6, 6, 0, 0, 1, 1, 1, 4, 5, 0, 1, 1, 1, 2, 4, 4, 0, 0, 1, 1, 1, 3, 3, 0, 0, 1, 1, 2, 2, 2, 0, 1, 1, 1, 1, 2, 2, 0, 1, 1, 1, 1, 2, 3, 0, 0, 1, 1, 1, 2, 2, 0, 0, 1, 1, 1, 7, 8, 0, 1, 1, 1, 2, 4, 3, 0, 0, 1, 1, 2, 3, 3, 0, 0, 1, 1, 1, 2, 2, 0, 0, 1, 1, 1, 3, 3, 0, 0, 1, 1, 1, 2, 2, 0, 0, 1, 1, 1, 2, 2, 0, 0, 1, 1, 1, 2, 2, 0, 0, 1, 1, 1, 2, 2, 0, 0, 1, 1, 2, 2, 2, 0, 0, 1, 1, 1, 2, 1, 0, 0, 1, 1, 2, 4, 3, 0, 0, 0, 0, 1, 5, 5, 0, 0, 1, 1, 1, 4, 4, 0, 0, 1, 0, 1, 2, 3, 0, 0, 1, 1, 1, 2, 2, 0, 0, 1, 1, 1, 2, 2, 0, 1, 1, 1, 2, 2, 1, 0, 0, 1, 1, 1, 2, 2, 0, 0, 1, 1, 1, 2, 1, 0, 0, 0, 0, 2, 7, 8, 0, 0, 1, 1, 'N', 2, 2, 0, 0, 1, 1, 1, 2, 2, 0, 0, 1, 1, 'N', 2, 2, 0, 0, 1, 1, 1, 2, 2, 0, 0, 1, 1, 2, 3, 2, 0, 0, 1, 1, 2, 2, 2, 0, 0, 1, 1, 1, 2, 2, 0, 0, 1, 1, 1, 2, 2, 0, 0, 1, 1, 1, 2, 2, 0, 0, 1, 1, 1, 2, 2, 0, 0, 1, 1, 1, 2, 2, 0, 1, 1, 1, 2, 3, 3, 0, 0, 0, 0, 1, 4, 4, 0, 0, 0, 0, 1, 3, 3, 0, 0, 1, 1, 1, 2, 2, 0, 0, 1, 1, 2, 2, 2, 0, 0, 1, 1, 1, 2, 1, 0, 0, 1, 1, 1, 2, 1, 0, 0, 0, 0, 2, 6, 7, 0, 0, 1, 1, 1, 3, 2]",5,INT 37.47%,INT 59.62%,INT 33.40%,INT 32.87%,INT 35.36%,INT 41.83%,INT 44.09%
,,,,,10,INT 38.50%,INT 65.69%,INT 34.48%,INT 33.94%,INT 36.36%,INT 42.82%,INT 45.72%
,,,,,25,INT 39.48%,INT 70.95%,INT 35.53%,INT 34.97%,INT 37.32%,INT 43.71%,INT 46.76%
,,,,,50,INT 40.38%,INT 73.30%,INT 36.55%,INT 35.97%,INT 38.26%,INT 44.57%,INT 47.68%
,,,,,100,INT 41.25%,INT 74.77%,INT 37.53%,INT 36.94%,INT 39.17%,INT 45.41%,INT 48.58%
,,,,,200,INT 42.08%,INT 75.82%,INT 38.49%,INT 37.88%,INT 40.06%,INT 46.22%,INT 49.45%
,,,5,"[0, 0, 1, 1, 1, 2, 11, 12, 1, 0, 1, 1, 3, 9, 10, 0, 0, 1, 1, 2, 7, 8, 0, 0, 2, 1, 2, 3, 3, 1, 2, 2, 1, 2, 3, 3, 0, 4, 1, 1, 1, 3, 1, 0, 0, 1, 1, 2, 5, 6, 0, 1, 2, 1, 2, 3, 3, 0, 0, 1, 1, 2, 3, 2, 0, 0, 1, 1, 2, 3, 2, 0, 2, 2, 1, 2, 4, 3, 1, 2, 1, 1, 3, 3, 2, 0, 1, 2, 1, 2, 5, 6, 0, 8, 2, 1, 2, 4, 4, 1, 2, 1, 1, 3, 13, 15, 0, 0, 1, 1, 'N', 3, 'N', 0, 0, 1, 1, 'N', 4, 'N', 0, 1, 1, 1, 2, 9, 9, 0, 1, 1, 1, 2, 7, 8, 1, 1, 2, 1, 2, 3, 3, 0, 1, 1, 1, 2, 6, 7, 0, 0, 1, 1, 2, 3, 2, 0, 1, 1, 1, 2, 5, 5, 1, 3, 2, 2, 2, 4, 3, 0, 0, 1, 1, 'N', 5, 'N', 0, 0, 2, 1, 2, 3, 3, 0, 1, 2, 1, 3, 4, 5, 0, 0, 2, 1, 2, 4, 4, 0, 1, 1, 1, 2, 10, 8, 0, 2, 1, 1, 2, 10, 11, 0, 0, 1, 1, 2, 7, 9, 0, 2, 1, 1, 3, 6, 7, 0, 0, 1, 1, 2, 5, 6, 0, 0, 2, 1, 3, 4, 3, 0, 1, 2, 1, 2, 3, 3, 0, 1, 1, 1, 2, 4, 4, 0, 0, 2, 1, 2, 3, 4, 0, 1, 1, 1, 2, 12, 14, 0, 1, 1, 2, 3, 6, 5, 0, 0, 1, 2, 3, 6, 5, 0, 0, 1, 1, 2, 3, 3, 0, 0, 1, 2, 2, 5, 5, 0, 1, 2, 1, 2, 4, 3, 0, 0, 1, 2, 2, 4, 4, 0, 0, 2, 1, 2, 4, 3, 0, 0, 2, 1, 2, 3, 3, 0, 0, 1, 1, 3, 4, 3, 0, 0, 2, 1, 2, 3, 2, 1, 0, 1, 2, 3, 7, 5, 0, 0, 1, 1, 2, 8, 8, 0, 0, 1, 1, 2, 6, 6, 0, 0, 1, 1, 2, 4, 5, 0, 0, 1, 1, 2, 4, 4, 0, 0, 2, 1, 2, 4, 3, 0, 2, 2, 1, 3, 4, 2, 0, 0, 2, 1, 2, 3, 3, 0, 0, 2, 1, 2, 3, 2, 0, 0, 1, 1, 3, 12, 13, 0, 1, 2, 2, 'N', 4, 3, 0, 0, 2, 1, 2, 3, 3, 0, 0, 2, 2, 'N', 4, 3, 0, 1, 1, 2, 2, 4, 3, 0, 0, 2, 2, 3, 5, 4, 0, 0, 2, 2, 3, 4, 3, 0, 1, 1, 2, 2, 4, 3, 0, 0, 2, 1, 2, 3, 3, 0, 0, 2, 1, 2, 3, 3, 0, 0, 1, 1, 2, 3, 3, 0, 0, 1, 1, 2, 4, 3, 0, 1, 2, 2, 3, 5, 5, 0, 0, 1, 1, 2, 6, 7, 0, 0, 1, 1, 2, 5, 5, 0, 0, 2, 1, 2, 4, 3, 0, 1, 2, 2, 3, 4, 3, 0, 0, 2, 1, 2, 3, 2, 0, 0, 2, 1, 2, 3, 2, 0, 0, 1, 1, 3, 11, 11, 0, 0, 2, 2, 2, 4, 4]",5,INT 38.29%,INT 59.59%,INT 33.70%,INT 33.12%,INT 35.58%,INT 41.61%,INT 43.32%
,,,,,10,INT 39.90%,INT 66.19%,INT 34.80%,INT 34.19%,INT 36.58%,INT 42.72%,INT 45.37%
,,,,,25,INT 41.33%,INT 72.23%,INT 35.85%,INT 35.23%,INT 37.56%,INT 43.62%,INT 46.52%
,,,,,50,INT 42.40%,INT 75.04%,INT 36.88%,INT 36.24%,INT 38.50%,INT 44.48%,INT 47.45%
,,,,,100,INT 43.37%,INT 76.74%,INT 37.87%,INT 37.22%,INT 39.42%,INT 45.31%,INT 48.34%
,,,,,200,INT 44.27%,INT 77.93%,INT 38.84%,INT 38.17%,INT 40.31%,INT 46.13%,INT 49.21%
,,,10,"[0, 0, 3, 2, 2, 5, 21, 24, 1, 1, 2, 2, 5, 17, 20, 0, 1, 2, 2, 4, 14, 16, 0, 0, 4, 2, 4, 7, 5, 1, 4, 3, 2, 5, 6, 5, 1, 9, 2, 3, 2, 5, 3, 0, 1, 3, 2, 4, 10, 13, 1, 2, 3, 3, 5, 7, 5, 0, 0, 3, 3, 4, 6, 4, 0, 0, 3, 2, 3, 6, 3, 1, 4, 4, 2, 4, 7, 7, 2, 3, 2, 2, 5, 7, 4, 0, 3, 3, 2, 5, 10, 12, 1, 17, 3, 2, 5, 7, 9, 1, 4, 2, 2, 6, 26, 30, 0, 0, 3, 2, 'N', 6, 'N', 0, 0, 3, 2, 'N', 8, 'N', 1, 2, 2, 2, 4, 18, 18, 0, 2, 2, 3, 5, 15, 16, 2, 3, 3, 2, 4, 7, 6, 1, 2, 2, 2, 4, 13, 14, 1, 0, 3, 3, 5, 7, 4, 0, 1, 2, 2, 4, 9, 10, 1, 5, 3, 3, 5, 8, 6, 0, 0, 2, 2, 'N', 10, 'N', 0, 1, 4, 3, 5, 7, 6, 0, 2, 3, 2, 6, 8, 9, 0, 0, 3, 2, 5, 7, 7, 1, 3, 2, 3, 4, 20, 17, 1, 3, 2, 2, 5, 19, 21, 0, 0, 2, 2, 5, 14, 17, 1, 4, 2, 2, 5, 12, 14, 0, 0, 3, 2, 4, 10, 12, 0, 1, 3, 3, 6, 8, 6, 0, 3, 4, 3, 5, 7, 6, 1, 3, 3, 2, 5, 8, 8, 0, 0, 3, 2, 4, 6, 7, 0, 1, 2, 2, 5, 24, 28, 0, 2, 2, 3, 6, 12, 10, 1, 0, 2, 4, 5, 12, 10, 0, 0, 3, 2, 4, 7, 6, 1, 1, 2, 3, 5, 9, 10, 0, 1, 3, 3, 4, 8, 5, 0, 0, 3, 3, 5, 7, 8, 0, 1, 3, 3, 4, 7, 5, 0, 0, 4, 3, 5, 7, 6, 0, 0, 3, 3, 5, 7, 6, 0, 0, 3, 3, 5, 6, 5, 1, 0, 3, 4, 5, 13, 10, 0, 1, 1, 2, 4, 15, 16, 0, 1, 2, 2, 4, 12, 12, 0, 0, 2, 2, 4, 8, 10, 0, 0, 3, 2, 5, 8, 8, 0, 0, 3, 3, 4, 8, 7, 1, 3, 4, 2, 5, 8, 5, 0, 0, 3, 2, 5, 6, 6, 0, 0, 4, 2, 5, 6, 4, 0, 1, 1, 1, 6, 23, 25, 0, 1, 3, 4, 'N', 8, 6, 0, 1, 3, 3, 4, 7, 7, 0, 1, 3, 4, 'N', 7, 7, 0, 2, 2, 4, 4, 8, 7, 0, 0, 4, 4, 5, 10, 7, 0, 0, 3, 4, 6, 8, 6, 1, 1, 3, 3, 5, 8, 6, 0, 0, 3, 3, 4, 6, 6, 0, 0, 3, 3, 4, 7, 7, 0, 0, 3, 3, 4, 7, 7, 0, 0, 3, 3, 4, 7, 7, 0, 2, 4, 3, 5, 11, 10, 0, 0, 1, 2, 4, 12, 13, 1, 0, 1, 2, 4, 9, 9, 0, 0, 3, 2, 5, 7, 5, 0, 1, 4, 3, 6, 7, 6, 0, 0, 4, 2, 5, 6, 4, 0, 1, 4, 2, 5, 7, 4, 0, 0, 1, 1, 5, 22, 22, 0, 0, 3, 4, 5, 8, 8]",5,INT 41.76%,INT 59.74%,INT 33.97%,INT 33.36%,INT 35.59%,INT 41.27%,INT 42.08%
,,,,,10,INT 46.37%,INT 67.74%,INT 35.17%,INT 34.50%,INT 36.64%,INT 42.50%,INT 44.38%
,,,,,25,INT 50.76%,INT 76.46%,INT 36.24%,INT 35.54%,INT 37.61%,INT 43.45%,INT 45.85%
,,,,,50,INT 53.14%,INT 80.76%,INT 37.27%,INT 36.56%,INT 38.56%,INT 44.30%,INT 46.81%
,,,,,100,INT 54.91%,INT 83.36%,INT 38.28%,INT 37.55%,INT 39.48%,INT 45.14%,INT 47.69%
,,,,,200,INT 56.30%,INT 85.07%,INT 39.26%,INT 38.51%,INT 40.37%,INT 45.95%,INT 48.55%
,,,15,"[0, 1, 4, 3, 3, 7, 32, 35, 2, 1, 3, 3, 8, 26, 29, 1, 1, 3, 3, 6, 21, 25, 0, 0, 5, 3, 6, 10, 8, 2, 5, 5, 4, 7, 10, 8, 1, 13, 4, 4, 4, 8, 4, 0, 1, 4, 3, 6, 16, 19, 1, 2, 5, 4, 7, 10, 8, 0, 0, 4, 4, 5, 9, 6, 0, 0, 4, 3, 5, 9, 5, 1, 6, 6, 4, 7, 11, 10, 3, 5, 3, 3, 8, 10, 6, 0, 4, 5, 3, 7, 15, 17, 1, 25, 5, 3, 7, 11, 13, 2, 6, 3, 3, 9, 39, 45, 0, 0, 4, 3, 'N', 10, 'N', 0, 0, 4, 2, 'N', 12, 'N', 1, 3, 3, 4, 6, 27, 26, 0, 3, 3, 4, 7, 22, 24, 3, 4, 5, 3, 6, 10, 9, 1, 4, 3, 4, 7, 19, 20, 1, 1, 4, 4, 7, 10, 6, 1, 2, 4, 4, 6, 14, 15, 2, 8, 5, 5, 7, 11, 8, 0, 0, 3, 3, 'N', 15, 'N', 0, 1, 5, 4, 7, 10, 8, 1, 3, 5, 4, 8, 11, 14, 0, 0, 5, 3, 7, 11, 11, 1, 4, 3, 4, 6, 31, 25, 1, 5, 3, 3, 7, 29, 32, 0, 0, 3, 3, 7, 22, 26, 1, 6, 3, 3, 8, 18, 22, 0, 0, 4, 3, 6, 15, 17, 0, 1, 5, 4, 9, 11, 8, 1, 4, 6, 4, 7, 10, 9, 1, 4, 4, 3, 7, 12, 13, 0, 1, 5, 3, 6, 10, 11, 1, 2, 3, 3, 7, 36, 42, 0, 3, 3, 5, 9, 19, 15, 1, 1, 3, 6, 8, 17, 15, 0, 0, 4, 3, 6, 10, 10, 1, 1, 3, 5, 7, 14, 16, 1, 2, 5, 4, 7, 12, 8, 0, 0, 4, 5, 7, 11, 12, 0, 1, 5, 4, 6, 11, 8, 0, 0, 5, 4, 7, 10, 8, 0, 0, 4, 4, 8, 11, 9, 0, 0, 5, 4, 7, 9, 7, 2, 1, 4, 6, 8, 20, 15, 0, 1, 2, 2, 6, 23, 24, 1, 1, 3, 3, 5, 18, 18, 0, 0, 4, 2, 6, 12, 15, 0, 0, 4, 3, 7, 12, 12, 0, 0, 5, 4, 7, 11, 10, 1, 5, 6, 4, 8, 11, 7, 0, 0, 5, 4, 7, 9, 8, 0, 0, 6, 4, 7, 10, 7, 0, 1, 2, 2, 9, 35, 38, 1, 2, 5, 6, 'N', 12, 9, 1, 1, 5, 4, 6, 10, 10, 1, 1, 5, 5, 'N', 11, 10, 0, 2, 4, 6, 7, 12, 10, 0, 1, 5, 6, 8, 16, 11, 1, 1, 5, 7, 8, 11, 9, 1, 2, 4, 5, 7, 11, 10, 0, 0, 5, 4, 6, 9, 9, 0, 1, 5, 4, 6, 10, 10, 0, 0, 4, 4, 6, 10, 10, 0, 0, 4, 4, 7, 11, 10, 1, 4, 6, 5, 8, 16, 16, 0, 0, 2, 2, 6, 18, 20, 1, 0, 2, 2, 5, 14, 14, 0, 0, 5, 4, 7, 11, 8, 1, 2, 6, 5, 9, 11, 10, 0, 0, 5, 4, 7, 9, 6, 0, 1, 6, 3, 7, 10, 6, 0, 0, 2, 2, 8, 32, 33, 0, 1, 5, 6, 7, 13, 12]",5,INT 44.19%,INT 61.57%,INT 34.01%,INT 33.42%,INT 35.65%,INT 41.08%,INT 41.37%
,,,,,10,INT 51.73%,INT 72.71%,INT 35.45%,INT 34.65%,INT 36.79%,INT 42.33%,INT 43.58%
,,,,,25,INT 60.16%,INT 86.59%,INT 36.54%,INT 35.70%,INT 37.77%,INT 43.38%,INT 45.39%
,,,,,50,INT 64.61%,INT 93.88%,INT 37.58%,INT 36.72%,INT 38.72%,INT 44.25%,INT 46.35%
,,,,,100,INT 67.52%,INT 98.24%,INT 38.59%,INT 37.71%,INT 39.65%,INT 45.08%,INT 47.24%
,,,,,200,INT 69.62%,FLT 99.21%,INT 39.58%,INT 38.68%,INT 40.55%,INT 45.89%,INT 48.08%
,,,20,"[0, 1, 5, 4, 3, 9, 42, 47, 3, 2, 4, 3, 11, 34, 39, 1, 2, 4, 3, 8, 28, 33, 0, 0, 7, 4, 8, 14, 10, 2, 7, 7, 5, 9, 13, 11, 1, 18, 5, 5, 5, 11, 6, 0, 1, 5, 4, 9, 21, 26, 1, 3, 6, 6, 10, 13, 11, 0, 0, 6, 6, 7, 13, 8, 0, 0, 6, 4, 7, 12, 7, 2, 9, 8, 5, 9, 14, 13, 4, 6, 4, 4, 11, 14, 8, 0, 5, 6, 4, 10, 21, 23, 2, 33, 7, 4, 10, 15, 18, 2, 7, 4, 4, 12, 52, 60, 0, 0, 6, 5, 'N', 13, 'N', 0, 0, 6, 3, 'N', 16, 'N', 1, 4, 4, 5, 9, 36, 35, 1, 4, 4, 5, 9, 30, 32, 4, 5, 7, 4, 8, 14, 13, 1, 5, 4, 5, 9, 26, 27, 1, 1, 6, 6, 9, 14, 8, 1, 3, 5, 5, 8, 18, 21, 2, 11, 7, 6, 9, 15, 11, 0, 0, 4, 4, 'N', 20, 'N', 1, 1, 7, 5, 10, 14, 11, 1, 4, 6, 5, 11, 15, 19, 0, 1, 7, 5, 10, 15, 15, 2, 6, 3, 6, 9, 41, 34, 2, 7, 4, 4, 9, 38, 43, 1, 1, 4, 3, 10, 29, 34, 1, 9, 4, 4, 11, 25, 29, 0, 1, 5, 4, 9, 19, 23, 1, 2, 7, 6, 12, 15, 11, 1, 6, 7, 5, 9, 14, 11, 1, 6, 6, 4, 10, 15, 17, 0, 1, 7, 4, 8, 13, 15, 1, 2, 3, 4, 10, 49, 56, 1, 4, 5, 7, 12, 25, 20, 2, 1, 4, 8, 10, 23, 20, 0, 0, 6, 5, 7, 13, 13, 1, 2, 5, 7, 9, 18, 21, 1, 2, 7, 5, 9, 16, 11, 0, 0, 5, 7, 10, 15, 15, 0, 1, 7, 6, 8, 14, 10, 0, 0, 7, 5, 10, 14, 11, 0, 0, 6, 6, 11, 14, 12, 0, 0, 6, 5, 10, 13, 10, 3, 1, 5, 8, 11, 27, 20, 0, 1, 3, 3, 8, 30, 33, 1, 1, 3, 4, 7, 24, 24, 0, 1, 5, 3, 8, 16, 20, 0, 0, 6, 4, 9, 15, 16, 0, 0, 6, 6, 9, 15, 13, 2, 6, 7, 5, 11, 15, 10, 0, 0, 7, 5, 9, 12, 11, 0, 1, 7, 5, 10, 13, 9, 0, 1, 3, 3, 12, 47, 50, 1, 2, 6, 9, 'N', 16, 12, 1, 1, 7, 6, 7, 13, 14, 1, 2, 7, 7, 'N', 15, 13, 1, 3, 5, 7, 9, 16, 14, 0, 1, 7, 8, 10, 21, 15, 1, 1, 6, 9, 11, 15, 12, 2, 3, 6, 6, 9, 15, 13, 1, 0, 7, 5, 8, 12, 11, 0, 1, 7, 6, 8, 13, 14, 0, 0, 5, 6, 8, 13, 13, 0, 1, 6, 5, 9, 15, 14, 1, 5, 9, 6, 10, 21, 21, 0, 0, 3, 3, 8, 25, 26, 1, 1, 3, 3, 7, 18, 19, 0, 0, 6, 5, 9, 15, 11, 1, 2, 8, 6, 12, 15, 13, 0, 0, 7, 5, 9, 13, 8, 0, 1, 8, 5, 9, 13, 8, 0, 0, 3, 2, 11, 43, 44, 0, 1, 7, 8, 9, 17, 17]",5,INT 44.25%,INT 62.45%,INT 33.85%,INT 33.44%,INT 35.57%,INT 40.88%,INT 40.96%
,,,,,10,INT 52.52%,INT 76.24%,INT 35.59%,INT 34.85%,INT 36.84%,INT 42.12%,INT 42.96%
,,,,,25,INT 62.42%,INT 96.35%,INT 36.70%,INT 35.92%,INT 37.82%,INT 43.14%,INT 45.15%
,,,,,50,INT 67.82%,FLT 92.33%,INT 37.74%,INT 36.95%,INT 38.78%,INT 44.01%,INT 46.22%
,,,,,100,INT 71.38%,FLT 86.42%,INT 38.76%,INT 37.95%,INT 39.70%,INT 44.85%,INT 47.11%
,,,,,200,INT 73.79%,FLT 83.46%,INT 39.75%,INT 38.92%,INT 40.60%,INT 45.65%,INT 47.97%
,,,30,"[0, 1, 8, 5, 5, 14, 64, 71, 4, 2, 6, 5, 16, 51, 59, 1, 3, 6, 5, 12, 41, 49, 0, 1, 11, 6, 12, 20, 16, 3, 11, 10, 7, 14, 19, 16, 2, 27, 7, 8, 7, 16, 8, 0, 2, 8, 6, 13, 31, 39, 2, 5, 9, 9, 15, 20, 16, 0, 0, 9, 9, 11, 19, 12, 0, 0, 9, 5, 10, 19, 10, 2, 13, 12, 7, 13, 21, 20, 6, 9, 6, 6, 16, 20, 12, 1, 8, 9, 6, 15, 31, 35, 3, 50, 10, 6, 15, 22, 27, 3, 11, 6, 6, 19, 78, 90, 0, 0, 9, 7, 'N', 19, 'N', 0, 0, 9, 5, 'N', 24, 'N', 2, 6, 6, 7, 13, 53, 53, 1, 7, 6, 8, 14, 45, 48, 6, 8, 10, 6, 11, 20, 19, 2, 7, 7, 7, 13, 39, 41, 2, 1, 9, 8, 14, 20, 13, 1, 4, 7, 7, 13, 27, 31, 3, 16, 10, 9, 14, 23, 17, 0, 0, 6, 6, 'N', 30, 'N', 1, 2, 11, 8, 15, 20, 17, 1, 6, 9, 7, 17, 23, 28, 0, 1, 10, 7, 14, 22, 22, 3, 9, 5, 8, 13, 61, 51, 3, 10, 5, 6, 14, 58, 64, 1, 1, 6, 5, 15, 43, 51, 2, 13, 6, 7, 16, 37, 43, 0, 1, 8, 6, 13, 29, 35, 1, 3, 10, 9, 17, 23, 17, 1, 9, 11, 8, 14, 21, 17, 2, 9, 9, 6, 15, 23, 25, 1, 1, 10, 7, 12, 19, 22, 1, 3, 5, 5, 15, 73, 84, 1, 6, 7, 10, 18, 37, 31, 3, 1, 7, 12, 15, 35, 30, 1, 0, 9, 7, 11, 20, 19, 2, 2, 7, 10, 14, 27, 31, 1, 3, 10, 8, 13, 24, 16, 0, 1, 8, 10, 15, 22, 23, 0, 2, 10, 9, 12, 21, 16, 1, 1, 11, 8, 15, 21, 17, 0, 1, 9, 9, 16, 21, 18, 0, 1, 9, 8, 15, 19, 14, 4, 1, 8, 11, 16, 40, 30, 1, 2, 4, 5, 12, 45, 49, 1, 2, 5, 5, 11, 35, 36, 0, 1, 7, 5, 12, 24, 30, 0, 1, 9, 6, 14, 23, 23, 0, 1, 10, 9, 13, 23, 20, 3, 10, 11, 7, 16, 23, 15, 0, 1, 10, 7, 14, 19, 17, 1, 1, 11, 7, 15, 19, 13, 1, 2, 4, 4, 18, 70, 75, 1, 3, 10, 13, 'N', 24, 19, 1, 2, 10, 8, 11, 20, 21, 1, 3, 10, 11, 'N', 22, 20, 1, 5, 7, 11, 13, 23, 20, 0, 1, 11, 12, 15, 31, 22, 1, 1, 9, 13, 17, 23, 18, 2, 4, 9, 9, 14, 23, 19, 1, 1, 10, 8, 12, 17, 17, 1, 1, 10, 9, 12, 20, 20, 0, 0, 8, 8, 13, 20, 20, 0, 1, 9, 8, 13, 22, 20, 1, 7, 13, 10, 15, 32, 31, 1, 0, 4, 5, 13, 37, 39, 2, 1, 4, 5, 11, 27, 28, 0, 1, 9, 7, 14, 22, 16, 1, 3, 12, 9, 18, 22, 19, 0, 0, 11, 7, 14, 19, 12, 0, 2, 11, 7, 14, 20, 13, 0, 1, 4, 4, 16, 65, 66, 1, 1, 10, 11, 14, 25, 25]",5,INT 45.84%,INT 64.28%,INT 33.37%,INT 33.32%,INT 35.34%,INT 40.76%,INT 40.56%
,,,,,10,INT 57.56%,INT 83.96%,INT 35.59%,INT 35.12%,INT 36.90%,INT 41.97%,INT 42.10%
,,,,,25,INT 74.77%,FLT 80.56%,INT 36.85%,INT 36.24%,INT 37.93%,INT 43.05%,INT 44.25%
,,,,,50,INT 85.36%,FLT 63.62%,INT 37.91%,INT 37.27%,INT 38.88%,INT 43.93%,INT 45.61%
,,,,,100,INT 92.20%,FLT 54.84%,INT 38.93%,INT 38.28%,INT 39.81%,INT 44.78%,INT 46.60%
,,,,,200,INT 96.59%,FLT 50.64%,INT 39.92%,INT 39.26%,INT 40.71%,INT 45.58%,INT 47.43%
NOAA-SPC-hail,noaa_spc-hail.csv,17.059,,,
,,,0,"[0, 0, 0, 0]",5,INT 40.40%,INT 43.38%,INT 34.45%
,,,,,10,INT 41.31%,INT 44.25%,INT 35.45%
,,,,,25,INT 42.19%,INT 45.09%,INT 36.43%
,,,,,50,INT 43.05%,INT 45.90%,INT 37.37%
,,,,,100,INT 43.88%,INT 46.69%,INT 38.28%
,,,,,200,INT 44.69%,INT 47.45%,INT 39.17%
,,,1,"[0, 5, 8, 1]",5,INT 40.70%,INT 43.63%,INT 34.64%
,,,,,10,INT 41.62%,INT 44.53%,INT 35.62%
,,,,,25,INT 42.51%,INT 45.38%,INT 36.60%
,,,,,50,INT 43.37%,INT 46.19%,INT 37.55%
,,,,,100,INT 44.21%,INT 46.99%,INT 38.47%
,,,,,200,INT 45.02%,INT 47.76%,INT 39.37%
,,,3,"[0, 14, 25, 2]",5,INT 40.62%,INT 43.52%,INT 34.68%
,,,,,10,INT 41.57%,INT 44.42%,INT 35.72%
,,,,,25,INT 42.44%,INT 45.26%,INT 36.70%
,,,,,50,INT 43.30%,INT 46.08%,INT 37.65%
,,,,,100,INT 44.14%,INT 46.87%,INT 38.57%
,,,,,200,INT 44.95%,INT 47.64%,INT 39.46%
,,,5,"[0, 24, 42, 3]",5,INT 40.59%,INT 43.48%,INT 34.69%
,,,,,10,INT 41.54%,INT 44.37%,INT 35.72%
,,,,,25,INT 42.42%,INT 45.21%,INT 36.70%
,,,,,50,INT 43.28%,INT 46.03%,INT 37.65%
,,,,,100,INT 44.12%,INT 46.82%,INT 38.57%
,,,,,200,INT 44.93%,INT 47.59%,INT 39.47%
,,,10,"[0, 48, 84, 5]",5,INT 40.54%,INT 43.48%,INT 34.81%
,,,,,10,INT 41.48%,INT 44.42%,INT 35.82%
,,,,,25,INT 42.38%,INT 45.26%,INT 36.80%
,,,,,50,INT 43.24%,INT 46.08%,INT 37.75%
,,,,,100,INT 44.07%,INT 46.87%,INT 38.68%
,,,,,200,INT 44.89%,INT 47.64%,INT 39.58%
,,,15,"[0, 71, 126, 8]",5,INT 40.48%,INT 43.47%,INT 34.83%
,,,,,10,INT 41.44%,INT 44.35%,INT 35.83%
,,,,,25,INT 42.36%,INT 45.22%,INT 36.81%
,,,,,50,INT 43.22%,INT 46.04%,INT 37.76%
,,,,,100,INT 44.06%,INT 46.83%,INT 38.69%
,,,,,200,INT 44.87%,INT 47.60%,INT 39.59%
,,,20,"[0, 95, 168, 10]",5,INT 40.52%,INT 43.47%,INT 34.86%
,,,,,10,INT 41.44%,INT 44.36%,INT 35.90%
,,,,,25,INT 42.36%,INT 45.20%,INT 36.88%
,,,,,50,INT 43.22%,INT 46.02%,INT 37.84%
,,,,,100,INT 44.05%,INT 46.81%,INT 38.76%
,,,,,200,INT 44.87%,INT 47.58%,INT 39.66%
,,,30,"[0, 143, 252, 16]",5,INT 40.50%,INT 43.43%,INT 34.69%
,,,,,10,INT 41.46%,INT 44.32%,INT 35.76%
,,,,,25,INT 42.37%,INT 45.17%,INT 36.76%
,,,,,50,INT 43.23%,INT 45.98%,INT 37.71%
,,,,,100,INT 44.06%,INT 46.77%,INT 38.63%
,,,,,200,INT 44.87%,INT 47.54%,INT 39.53%
NOAA-SPC-tornado,noaa_spc-tornado.csv,3.841,,,
,,,0,"[0, 0, 0]",5,INT 40.35%,INT 43.33%
,,,,,10,INT 41.25%,INT 44.18%
,,,,,25,INT 42.11%,INT 45.01%
,,,,,50,INT 42.95%,INT 45.81%
,,,,,100,INT 43.77%,INT 46.58%
,,,,,200,INT 44.57%,INT 47.34%
,,,1,"[0, 5, 8]",5,INT 41.12%,INT 44.12%
,,,,,10,INT 42.25%,INT 45.28%
,,,,,25,INT 43.14%,INT 46.13%
,,,,,50,INT 44.00%,INT 46.95%
,,,,,100,INT 44.84%,INT 47.75%
,,,,,200,INT 45.65%,INT 48.52%
,,,3,"[0, 15, 24]",5,INT 40.85%,INT 43.50%
,,,,,10,INT 41.80%,INT 44.58%
,,,,,25,INT 42.74%,INT 45.45%
,,,,,50,INT 43.60%,INT 46.26%
,,,,,100,INT 44.43%,INT 47.04%
,,,,,200,INT 45.24%,INT 47.81%
,,,5,"[0, 25, 39]",5,INT 40.65%,INT 43.58%
,,,,,10,INT 41.58%,INT 44.59%
,,,,,25,INT 42.49%,INT 45.45%
,,,,,50,INT 43.34%,INT 46.26%
,,,,,100,INT 44.17%,INT 47.04%
,,,,,200,INT 44.97%,INT 47.80%
,,,10,"[0, 49, 79]",5,INT 40.54%,INT 43.40%
,,,,,10,INT 41.40%,INT 44.18%
,,,,,25,INT 42.35%,INT 45.00%
,,,,,50,INT 43.20%,INT 45.80%
,,,,,100,INT 44.02%,INT 46.58%
,,,,,200,INT 44.82%,INT 47.34%
,,,15,"[0, 74, 118]",5,INT 40.41%,INT 43.41%
,,,,,10,INT 41.30%,INT 44.27%
,,,,,25,INT 42.18%,INT 45.14%
,,,,,50,INT 43.03%,INT 45.94%
,,,,,100,INT 43.85%,INT 46.73%
,,,,,200,INT 44.64%,INT 47.49%
,,,20,"[0, 98, 158]",5,INT 40.44%,INT 43.39%
,,,,,10,INT 41.34%,INT 44.25%
,,,,,25,INT 42.31%,INT 45.31%
,,,,,50,INT 43.15%,INT 46.09%
,,,,,100,INT 43.98%,INT 46.87%
,,,,,200,INT 44.77%,INT 47.64%
,,,30,"[0, 147, 236]",5,INT 40.40%,INT 43.39%
,,,,,10,INT 41.36%,INT 44.17%
,,,,,25,INT 42.25%,INT 45.13%
,,,,,50,INT 43.10%,INT 45.93%
,,,,,100,INT 43.93%,INT 46.71%
,,,,,200,INT 44.73%,INT 47.47%
NOAA-SPC-wind,noaa_spc-wind.csv,40.260,,,
,,,0,"[0, 0, 0, 0]",5,INT 43.52%,INT 46.49%,INT 40.55%
,,,,,10,INT 44.42%,INT 47.34%,INT 41.50%
,,,,,25,INT 45.29%,INT 48.17%,INT 42.42%
,,,,,50,INT 46.14%,INT 48.97%,INT 43.31%
,,,,,100,INT 46.96%,INT 49.75%,INT 44.18%
,,,,,200,INT 47.75%,INT 50.50%,INT 45.02%
,,,1,"[0, 5, 10, 9]",5,INT 43.83%,INT 46.72%,INT 41.14%
,,,,,10,INT 44.74%,INT 47.61%,INT 42.43%
,,,,,25,INT 45.62%,INT 48.44%,INT 43.39%
,,,,,50,INT 46.48%,INT 49.25%,INT 44.31%
,,,,,100,INT 47.30%,INT 50.03%,INT 45.20%
,,,,,200,INT 48.10%,INT 50.79%,INT 46.06%
,,,3,"[0, 14, 29, 26]",5,INT 43.74%,INT 46.62%,INT 40.74%
,,,,,10,INT 44.69%,INT 47.52%,INT 42.15%
,,,,,25,INT 45.57%,INT 48.36%,INT 43.69%
,,,,,50,INT 46.43%,INT 49.17%,INT 44.74%
,,,,,100,INT 47.25%,INT 49.95%,INT 45.65%
,,,,,200,INT 48.06%,INT 50.71%,INT 46.53%
,,,5,"[0, 23, 48, 44]",5,INT 43.70%,INT 46.62%,INT 40.73%
,,,,,10,INT 44.65%,INT 47.53%,INT 42.15%
,,,,,25,INT 45.54%,INT 48.37%,INT 43.69%
,,,,,50,INT 46.39%,INT 49.18%,INT 44.74%
,,,,,100,INT 47.22%,INT 49.96%,INT 45.64%
,,,,,200,INT 48.02%,INT 50.72%,INT 46.52%
,,,10,"[0, 46, 97, 88]",5,INT 43.64%,INT 46.58%,INT 40.73%
,,,,,10,INT 44.61%,INT 47.48%,INT 42.15%
,,,,,25,INT 45.49%,INT 48.31%,INT 43.68%
,,,,,50,INT 46.35%,INT 49.12%,INT 44.73%
,,,,,100,INT 47.18%,INT 49.91%,INT 45.64%
,,,,,200,INT 47.98%,INT 50.67%,INT 46.52%
,,,15,"[0, 69, 145, 131]",5,INT 43.63%,INT 46.57%,INT 40.74%
,,,,,10,INT 44.56%,INT 47.46%,INT 42.16%
,,,,,25,INT 45.45%,INT 48.29%,INT 43.70%
,,,,,50,INT 46.31%,INT 49.10%,INT 44.75%
,,,,,100,INT 47.14%,INT 49.89%,INT 45.66%
,,,,,200,INT 47.94%,INT 50.65%,INT 46.54%
,,,20,"[0, 92, 194, 175]",5,INT 43.59%,INT 46.55%,INT 40.75%
,,,,,10,INT 44.53%,INT 47.45%,INT 42.18%
,,,,,25,INT 45.42%,INT 48.30%,INT 43.71%
,,,,,50,INT 46.27%,INT 49.11%,INT 44.76%
,,,,,100,INT 47.10%,INT 49.90%,INT 45.67%
,,,,,200,INT 47.90%,INT 50.66%,INT 46.55%
,,,30,"[0, 138, 291, 263]",5,INT 43.59%,INT 46.54%,INT 40.78%
,,,,,10,INT 44.53%,INT 47.43%,INT 42.21%
,,,,,25,INT 45.44%,INT 48.28%,INT 43.74%
,,,,,50,INT 46.29%,INT 49.09%,INT 44.79%
,,,,,100,INT 47.12%,INT 49.88%,INT 45.70%
,,,,,200,INT 47.93%,INT 50.64%,INT 46.58%
